Test_No,Expected_Image,English_Query,English_Retrieved,English_Score,English_Correct,Tamil_Query,Tamil_Retrieved,Tamil_Score,Tamil_Correct,Hindi_Query,Hindi_Retrieved,Hindi_Score,Hindi_Correct
1,1000092795.jpg,"Two young, White males are outside near many bushes.",1000092795.jpg,0.2883071303367615,True,"இரண்டு இளம், வெள்ளை நிற ஆண்கள் வெளியில் பல புதர்களுக்கு அருகில் உள்ளனர்.",1000092795.jpg,0.9999999403953552,True,"दो युवा, गोरे पुरुष बाहर कई झाड़ियों के पास खड़े हैं।",1000092795.jpg,1.0,True
2,10002456.jpg,Several men in hard hats are operating a giant pulley system.,10002456.jpg,0.3107295036315918,True,பல ஆண்கள் பாதுகாப்புத் தொப்பிகளை அணிந்து ஒரு பெரிய புல்லி அமைப்பை இயக்குகின்றனர்.,10002456.jpg,1.0,True,कई पुरुष सुरक्षा हेलमेट पहनकर एक विशाल पुली प्रणाली चला रहे हैं।,10002456.jpg,1.0,True
3,1000268201.jpg,A little girl climbing into a wooden playhouse.,1000268201.jpg,0.33828437328338623,True,ஒரு சிறுமி மரத்தால் செய்யப்பட்ட விளையாட்டு வீட்டிற்குள் ஏறுகிறாள்.,1000268201.jpg,0.9999999403953552,True,एक छोटी लड़की लकड़ी के खेलघर में चढ़ रही है।,1000268201.jpg,1.0,True
4,1000344755.jpg,A man in a blue shirt is standing on a ladder cleaning a window.,1000344755.jpg,0.3429664075374603,True,நீல நிற சட்டை அணிந்த ஒரு மனிதர் ஏணியில் நின்றுகொண்டு ஜன்னலை சுத்தம் செய்கிறார்.,1000344755.jpg,0.9999999403953552,True,नीली शर्ट पहना हुआ एक आदमी सीढ़ी पर खड़े होकर खिड़की साफ कर रहा है।,1000344755.jpg,1.0,True
5,1000366164.jpg,Two men are at the stove preparing food.,1000366164.jpg,0.3096916377544403,True,இரண்டு ஆண்கள் அடுப்பில் உணவு தயாரித்துக் கொண்டிருக்கிறார்கள்.,1000366164.jpg,1.0,True,दो आदमी चूल्हे पर खाना तैयार कर रहे हैं।,1000366164.jpg,1.0000001192092896,True
6,1000523639.jpg,A man in green holds a guitar while the other man observes his shirt.,1000523639.jpg,0.29044443368911743,True,"பச்சை நிற ஆடை அணிந்த ஒரு மனிதர் கிட்டார் வாசித்துக் கொண்டிருக்கிறார், மற்றொரு மனிதர் அவரைக் கவனிக்கிறார்.",1000523639.jpg,1.0,True,"हरे कपड़े पहना हुआ एक आदमी गिटार बजा रहा है, जबकि दूसरा आदमी उसे देख रहा है।",1000523639.jpg,1.0000001192092896,True
7,1000919630.jpg,A man is smiling at a stuffed lion,1000919630.jpg,0.30920326709747314,True,ஒரு மனிதர் ஒரு பொம்மை சிங்கத்தைப் பார்த்து சிரிக்கிறார்.,1000919630.jpg,1.0000001192092896,True,एक आदमी भरवां शेर को देखकर मुस्कुरा रहा है।,1000919630.jpg,0.9999999403953552,True
8,10010052.jpg,A trendy girl talking on her cellphone while gliding slowly down the street.,10010052.jpg,0.3025921881198883,True,ஒரு நவீன பெண் செல்போனில் பேசிக்கொண்டே தெருவில் மெதுவாக சறுக்கிச் செல்கிறாள்.,10010052.jpg,1.0,True,एक आधुनिक लड़की सेलफोन पर बात करते हुए सड़क पर धीरे-धीरे स्केटिंग कर रही है।,10010052.jpg,1.0000001192092896,True
9,1001465944.jpg,A woman with a large purse is walking by a gate.,1001465944.jpg,0.2523232698440552,True,ஒரு பெரிய கைப்பையை வைத்திருக்கும் பெண் ஒரு வாயிலின் அருகே நடந்து செல்கிறார்.,1001465944.jpg,1.0,True,एक बड़ी पर्स वाली महिला एक गेट के पास चल रही है।,1001465944.jpg,1.0,True
10,1001545525.jpg,Boys dancing on poles in the middle of the night.,1001545525.jpg,0.28460371494293213,True,நள்ளிரவில் சிறுவர்கள் கம்புகளின் மீது நடனமாடுகிறார்கள்.,1001545525.jpg,1.0000001192092896,True,आधी रात में लड़के खंभों पर नृत्य कर रहे हैं।,1001545525.jpg,1.0,True
11,1001573224.jpg,A ballet class of five girls jumping in sequence.,1001573224.jpg,0.3266291618347168,True,ஐந்து சிறுமிகள் வரிசையாக குதிக்கும் ஒரு பாலே வகுப்பு.,1001573224.jpg,1.0,True,पाँच लड़कियों की बैले कक्षा में लड़कियाँ क्रम से कूद रही हैं।,1001573224.jpg,1.0,True
12,1001633352.jpg,Four guys three wearing hats one not are jumping at the top of a staircase.,1001633352.jpg,0.3105050325393677,True,"நான்கு ஆண்கள், அவர்களில் மூவர் தொப்பி அணிந்துள்ளனர், ஒருவர் அணியவில்லை; அவர்கள் படிக்கட்டின் மேல் பகுதியில் குதிக்கிறார்கள்.",1001633352.jpg,1.0000001192092896,True,"चार पुरुष, जिनमें से तीन ने टोपी पहनी है और एक ने नहीं, सीढ़ियों के ऊपर कूद रहे हैं।",1001633352.jpg,1.0,True
13,1001773457.jpg,A black dog and a spotted dog are fighting,1001773457.jpg,0.3178730607032776,True,ஒரு கருப்பு நாயும் புள்ளிகள் கொண்ட ஒரு நாயும் சண்டையிடுகின்றன.,1001773457.jpg,0.9999999403953552,True,एक काला कुत्ता और एक धब्बेदार कुत्ता लड़ रहे हैं।,1001773457.jpg,1.0,True
14,1001896054.jpg,A man in a neon green and orange uniform is driving on a green tractor.,1001896054.jpg,0.35802745819091797,True,நியான் பச்சை மற்றும் ஆரஞ்சு நிற சீருடை அணிந்த ஒரு மனிதர் பச்சை டிராக்டரை ஓட்டுகிறார்.,1001896054.jpg,1.0,True,नियॉन हरे और नारंगी रंग की वर्दी पहना हुआ एक आदमी हरे ट्रैक्टर को चला रहा है।,1001896054.jpg,0.9999999403953552,True
15,100197432.jpg,Several women wait outside in a city.,102851549.jpg,0.31024283170700073,False,ஒரு நகரத்தில் பல பெண்கள் வெளியில் காத்திருக்கிறார்கள்.,100197432.jpg,1.0,True,एक शहर में कई महिलाएँ बाहर इंतज़ार कर रही हैं।,100197432.jpg,1.0,True
16,100207720.jpg,A lady in a black top with glasses is sprinkling powdered sugar on a bundt cake.,100207720.jpg,0.33027446269989014,True,கண்ணாடி அணிந்த கருப்பு மேலாடை அணிந்த ஒரு பெண் பண்ட்ட் கேக்கின் மீது பொடித்த சர்க்கரையைத் தூவுகிறார்.,100207720.jpg,0.9999999403953552,True,चश्मा पहने काले टॉप वाली एक महिला बंड्ट केक पर पिसी हुई चीनी छिड़क रही है।,100207720.jpg,1.0,True
17,1002674143.jpg,A little girl is sitting in front of a large painted rainbow.,1002674143.jpg,0.3655524253845215,True,ஒரு சிறுமி பெரிய வண்ணம் தீட்டப்பட்ட வானவில்லின் முன் அமர்ந்திருக்கிறாள்.,1002674143.jpg,1.0000001192092896,True,एक छोटी लड़की बड़े रंगे हुए इंद्रधनुष के सामने बैठी है।,1002674143.jpg,1.0000001192092896,True
18,1003163366.jpg,A man lays on the bench to which a white dog is also tied.,1003163366.jpg,0.30927062034606934,True,ஒரு வெள்ளை நாயும் கட்டப்பட்டிருக்கும் பெஞ்சின் மீது ஒரு மனிதர் படுத்திருக்கிறார்.,1003163366.jpg,1.0,True,"एक आदमी उस बेंच पर लेटा है, जिस पर एक सफेद कुत्ता भी बंधा हुआ है।",1003163366.jpg,0.9999999403953552,True
19,1003420127.jpg,Five people are sitting in a circle with instruments.,1003420127.jpg,0.3026493787765503,True,ஐந்து பேர் இசைக்கருவிகளுடன் ஒரு வட்டமாக அமர்ந்திருக்கிறார்கள்.,1003420127.jpg,1.0,True,पाँच लोग वाद्ययंत्रों के साथ एक घेरे में बैठे हैं।,1003420127.jpg,0.9999999403953552,True
20,1003428081.jpg,A bunch of elderly women play their clarinets together as they read off sheet music.,1003428081.jpg,0.32048314809799194,True,வயதான பெண்கள் குழுவாக தங்கள் கிளாரினெட்டுகளை ஒன்றாக வாசித்துக்கொண்டே இசைக் குறிப்புகளைப் படிக்கிறார்கள்.,1003428081.jpg,1.0000001192092896,True,बुजुर्ग महिलाओं का एक समूह शीट संगीत पढ़ते हुए एक साथ क्लैरिनेट बजा रहा है।,1003428081.jpg,1.0000001192092896,True
21,100444898.jpg,A large structure has broken and is laying in a roadway.,100444898.jpg,0.2631792426109314,True,ஒரு பெரிய கட்டமைப்பு உடைந்து சாலையில் கிடக்கிறது.,100444898.jpg,1.0000001192092896,True,एक बड़ी संरचना टूटकर सड़क पर पड़ी हुई है।,100444898.jpg,1.0,True
22,1005216151.jpg,A large crowd of people stand outside in front of the entrance to a Metro station.,101559400.jpg,0.2818652093410492,False,மெட்ரோ நிலையத்தின் நுழைவாயிலுக்கு வெளியே ஒரு பெரிய கூட்டம் மக்கள் நிற்கிறார்கள்.,1005216151.jpg,1.0000001192092896,True,मेट्रो स्टेशन के प्रवेश द्वार के सामने बाहर लोगों की एक बड़ी भीड़ खड़ी है।,1005216151.jpg,0.9999999403953552,True
23,100577935.jpg,A man getting a tattoo on his back.,100577935.jpg,0.296231210231781,True,ஒரு மனிதர் தனது முதுகில் பச்சை குத்திக் கொண்டிருக்கிறார்.,100577935.jpg,1.0,True,एक आदमी अपनी पीठ पर टैटू बनवा रहा है।,100577935.jpg,1.0,True
24,1006452823.jpg,Two children sit on a small seesaw in the sand.,1006452823.jpg,0.31067007780075073,True,மணலில் உள்ள ஒரு சிறிய சீசாவில் இரண்டு குழந்தைகள் அமர்ந்திருக்கிறார்கள்.,1006452823.jpg,1.0,True,रेत में एक छोटे से झूले पर दो बच्चे बैठे हैं।,1006452823.jpg,1.0,True
25,100652400.jpg,A man wearing a reflective vest and a hard hat holds a flag in the road,100652400.jpg,0.2764085829257965,True,பிரதிபலிப்பு உடையும் பாதுகாப்புத் தொப்பியும் அணிந்த ஒரு மனிதர் சாலையில் ஒரு கொடியை வைத்திருக்கிறார்.,100652400.jpg,1.0,True,प्रतिबिंबित जैकेट और सुरक्षा हेलमेट पहने एक आदमी सड़क पर झंडा पकड़े हुए है।,100652400.jpg,1.0,True
26,100716317.jpg,"A person dressed in a blue coat is standing in on a busy sidewalk, studying painting of a street scene.",100716317.jpg,0.3686590790748596,True,"நீல நிற கோட் அணிந்த ஒருவர் பரபரப்பான நடைபாதையில் நின்றுகொண்டு, ஒரு தெருக்காட்சியின் ஓவியத்தை கவனமாகப் பார்க்கிறார்.",100716317.jpg,1.0000001192092896,True,नीला कोट पहने एक व्यक्ति व्यस्त फुटपाथ पर खड़ा होकर सड़क के दृश्य की एक पेंटिंग का अध्ययन कर रहा है।,100716317.jpg,1.0,True
27,1007205537.jpg,A man in green pants walking down the road.,1015118661.jpg,0.2842530608177185,False,பச்சை நிற கால்சட்டை அணிந்த ஒரு மனிதர் சாலையில் நடந்து செல்கிறார்.,1007205537.jpg,1.000000238418579,True,हरे रंग की पैंट पहना हुआ एक आदमी सड़क पर चल रहा है।,1007205537.jpg,1.0000001192092896,True
28,1007320043.jpg,The small child climbs on a red ropes on a playground.,1007320043.jpg,0.32588380575180054,True,ஒரு சிறிய குழந்தை விளையாட்டு மைதானத்தில் சிவப்பு கயிறுகளில் ஏறுகிறது.,1007320043.jpg,1.0000001192092896,True,एक छोटा बच्चा खेल के मैदान में लाल रस्सियों पर चढ़ रहा है।,1007320043.jpg,1.0,True
29,100759042.jpg,You know i am looking like Justin Bieber.,100759042.jpg,0.23812676966190338,True,நான் ஜஸ்டின் பீபர் போல இருக்கிறேன் என்பது உங்களுக்குத் தெரியும்.,100759042.jpg,0.9999999403953552,True,आप जानते हैं कि मैं जस्टिन बीबर जैसा दिखता हूँ।,100759042.jpg,1.0,True
30,10082347.jpg,A young man in a black and yellow jacket is gazing at something and smiling.,10082347.jpg,0.31316450238227844,True,கருப்பு மற்றும் மஞ்சள் நிற ஜாக்கெட் அணிந்த ஒரு இளைஞன் எதையோ பார்த்துக்கொண்டு சிரிக்கிறார்.,10082347.jpg,1.0,True,काले और पीले रंग की जैकेट पहना हुआ एक युवक किसी चीज़ को देख रहा है और मुस्कुरा रहा है।,10082347.jpg,1.0,True
31,10082348.jpg,A man standing at a urinal with a coffee cup.,10082348.jpg,0.35485565662384033,True,ஒரு காபிக் கோப்பையுடன் ஒரு மனிதர் சிறுநீர் கழிக்கும் தொட்டியின் அருகில் நிற்கிறார்.,10082348.jpg,1.0,True,एक आदमी कॉफी के कप के साथ मूत्रालय के पास खड़ा है।,10082348.jpg,1.0000001192092896,True
32,100845130.jpg,Five people walking with a multicolored sky in the background.,100845130.jpg,0.31013649702072144,True,"பல வண்ண வானம் பின்னணியில் இருக்க, ஐந்து பேர் நடந்து செல்கிறார்கள்.",100845130.jpg,1.0,True,पृष्ठभूमि में बहुरंगी आकाश के साथ पाँच लोग चल रहे हैं।,100845130.jpg,0.9999999403953552,True
33,10090841.jpg,A old man having a beer alone.,10090841.jpg,0.2709793448448181,True,ஒரு முதியவர் தனியாக பீர் குடித்துக் கொண்டிருக்கிறார்.,10090841.jpg,1.0,True,एक बूढ़ा आदमी अकेले बीयर पी रहा है।,10090841.jpg,1.0,True
34,1009692167.jpg,A trained police dog sits next to his handler in front of the police van.,1009692167.jpg,0.3197041153907776,True,ஒரு பயிற்சி பெற்ற காவல்துறை நாய் காவல்துறை வேனின் முன் தனது பயிற்சியாளருக்கு அருகில் அமர்ந்திருக்கிறது.,1009692167.jpg,0.9999999403953552,True,एक प्रशिक्षित पुलिस कुत्ता पुलिस वैन के सामने अपने संचालक के पास बैठा है।,1009692167.jpg,1.0000001192092896,True
35,101001624.jpg,A person riding a bike on a snowy road.,101001624.jpg,0.35479363799095154,True,ஒரு நபர் பனியால் மூடப்பட்ட சாலையில் சைக்கிள் ஓட்டிச் செல்கிறார்.,101001624.jpg,1.0,True,एक व्यक्ति बर्फ से ढकी सड़क पर साइकिल चला रहा है।,101001624.jpg,1.0,True
36,1010031975.jpg,"Five men, uniformly dressed in white shirts, tie and black slacks converse at the back of an open van.",1010031975.jpg,0.34316515922546387,True,"வெள்ளை சட்டைகள், டை மற்றும் கருப்பு கால்சட்டைகள் அணிந்த ஐந்து ஆண்கள் திறந்த வேனின் பின்புறத்தில் உரையாடுகிறார்கள்.",1010031975.jpg,1.0,True,"सफेद शर्ट, टाई और काली पैंट पहने पाँच पुरुष खुले वैन के पीछे बातचीत कर रहे हैं।",1010031975.jpg,1.0,True
37,1010087179.jpg,A man with a backwards hat works on machinery.,1010087179.jpg,0.3100547790527344,True,பின்னோக்கி அணிந்த தொப்பியுடன் ஒரு மனிதர் இயந்திரங்களில் வேலை செய்கிறார்.,1010087179.jpg,1.0,True,पीछे की ओर टोपी पहने एक आदमी मशीनरी पर काम कर रहा है।,1010087179.jpg,1.0,True
38,1010087623.jpg,A black woman and a white man working in a factory setting packing jars with candles into boxes.,1010087623.jpg,0.39413344860076904,True,ஒரு கருப்பினப் பெண்ணும் ஒரு வெள்ளையின ஆணும் தொழிற்சாலை சூழலில் மெழுகுவர்த்திகள் உள்ள ஜாடிகளை பெட்டிகளில் அடைக்கிறார்கள்.,1010087623.jpg,1.0,True,एक अश्वेत महिला और एक श्वेत पुरुष कारखाने में मोमबत्तियों वाले जारों को बक्सों में पैक कर रहे हैं।,1010087623.jpg,1.0000001192092896,True
39,10101477.jpg,Asian man sweeping the walkway.,10101477.jpg,0.31071725487709045,True,ஒரு ஆசிய மனிதர் நடைபாதையைப் பெருக்கி சுத்தம் செய்கிறார்.,10101477.jpg,1.0000001192092896,True,एक एशियाई आदमी फुटपाथ पर झाड़ू लगा रहा है।,10101477.jpg,0.9999998807907104,True
40,1010470346.jpg,"A man leans into a car to talk to the driver, as a man on a bicycle looks on.",1010470346.jpg,0.2903117537498474,True,"ஒரு மனிதர் ஓட்டுநரிடம் பேசுவதற்காக ஒரு காருக்குள் குனிந்து கொண்டிருக்கிறார், அதே நேரத்தில் சைக்கிளில் இருக்கும் மற்றொரு மனிதர் பார்த்துக் கொண்டிருக்கிறார்.",1010470346.jpg,1.0,True,"एक आदमी ड्राइवर से बात करने के लिए कार के अंदर झुक रहा है, जबकि साइकिल पर एक आदमी देख रहा है।",1010470346.jpg,1.0,True
41,1010673430.jpg,Two young toddlers outside on the grass.,1010673430.jpg,0.3159381151199341,True,வெளியில் புல்வெளியில் இரண்டு சிறு குழந்தைகள் இருக்கிறார்கள்.,1010673430.jpg,1.0,True,बाहर घास पर दो छोटे बच्चे हैं।,1010673430.jpg,1.0000001192092896,True
42,101093029.jpg,People are watching a person in a weird vehicle in a plaza.,101093029.jpg,0.2621966600418091,True,ஒரு சதுக்கத்தில் விசித்திரமான வாகனத்தில் இருக்கும் ஒருவரை மக்கள் பார்த்துக் கொண்டிருக்கிறார்கள்.,101093029.jpg,1.0,True,लोग एक चौक में एक अजीब वाहन में बैठे व्यक्ति को देख रहे हैं।,101093029.jpg,1.0,True
43,101093045.jpg,A man walks by a silver vehicle.,101093045.jpg,0.27973565459251404,True,ஒரு மனிதர் வெள்ளி நிற வாகனத்தின் அருகே நடந்து செல்கிறார்.,101093045.jpg,1.0,True,एक आदमी चांदी के रंग के वाहन के पास चल रहा है।,101093045.jpg,1.0,True
44,1011572216.jpg,A beautiful bride walking on a sidewalk with her new husband.,1011572216.jpg,0.2999437153339386,True,ஒரு அழகான மணமகள் தனது புதிய கணவருடன் நடைபாதையில் நடந்து செல்கிறாள்.,1011572216.jpg,1.0000001192092896,True,एक सुंदर दुल्हन अपने नए पति के साथ फुटपाथ पर चल रही है।,1011572216.jpg,1.0000001192092896,True
45,1012150929.jpg,A little boy playing GameCube at a McDonald's.,1012150929.jpg,0.30191418528556824,True,மெக்டொனால்ட்ஸ் உணவகத்தில் ஒரு சிறுவன் கேம் கியூப் விளையாடுகிறான்.,1012150929.jpg,1.0,True,मैकडॉनल्ड्स में एक छोटा लड़का गेमक्यूब खेल रहा है।,1012150929.jpg,0.9999999403953552,True
46,1012212859.jpg,A white dog shakes on the edge of a beach with an orange ball.,1012212859.jpg,0.3380139470100403,True,ஒரு வெள்ளை நாய் ஆரஞ்சு நிறப் பந்துடன் கடற்கரையின் விளிம்பில் குலுங்கிக் கொண்டிருக்கிறது.,1012212859.jpg,1.0,True,एक सफेद कुत्ता नारंगी गेंद के साथ समुद्र तट के किनारे कांप रहा है।,1012212859.jpg,1.0000001192092896,True
47,1012328893.jpg,A group of people having a barbecue at a park.,1022454428.jpg,0.2900564670562744,False,ஒரு குழுவினர் பூங்காவில் பார்பிக்யூ செய்து கொண்டிருக்கிறார்கள்.,1012328893.jpg,1.0,True,लोगों का एक समूह पार्क में बारबेक्यू कर रहा है।,1012328893.jpg,1.0000001192092896,True
48,101262930.jpg,A man in sunglasses puts his arm around a woman in a black and white blouse.,101262930.jpg,0.3107268214225769,True,சூரியக் கண்ணாடி அணிந்த ஒரு மனிதர் கருப்பு மற்றும் வெள்ளை நிற மேலாடை அணிந்த ஒரு பெண்ணைச் சுற்றி தனது கையை வைத்திருக்கிறார்.,101262930.jpg,1.0,True,धूप का चश्मा पहने एक आदमी काले और सफेद ब्लाउज पहनी एक महिला के चारों ओर अपना हाथ रखता है।,101262930.jpg,1.0000001192092896,True
49,1013536888.jpg,A man with a balloon hat and people eating outdoors at picnic tables.,1013536888.jpg,0.27752387523651123,True,"பலூன் தொப்பி அணிந்த ஒரு மனிதரும், மக்கள் சிலரும் வெளிப்புறத்தில் பிக்னிக் மேசைகளில் சாப்பிட்டுக் கொண்டிருக்கிறார்கள்.",1013536888.jpg,1.000000238418579,True,एक बैलून टोपी पहने आदमी और कुछ लोग पिकनिक की मेजों पर बाहर खाना खा रहे हैं।,1013536888.jpg,1.0,True
50,101362650.jpg,A boy jump kicking over three kids kicking wood during a tae kwon do competition.,101362650.jpg,0.3281485140323639,True,தை குவான் டோ போட்டியின் போது மரத்துண்டுகளை உதைக்கும் மூன்று குழந்தைகளின் மீது ஒரு சிறுவன் குதித்து உதைக்கிறான்.,101362650.jpg,1.0,True,एक लड़का ताइक्वांडो प्रतियोगिता के दौरान लकड़ी पर लात मार रहे तीन बच्चों के ऊपर से छलांग लगाकर किक कर रहा है।,101362650.jpg,1.0,True
51,1014609273.jpg,A boy in a red jacket pouring water on a man in a white shirt,101471792.jpg,0.2646833062171936,False,சிவப்பு ஜாக்கெட் அணிந்த ஒரு சிறுவன் வெள்ளை சட்டை அணிந்த ஒரு மனிதர் மீது தண்ணீரை ஊற்றிக் கொண்டிருக்கிறான்.,1014609273.jpg,1.0000001192092896,True,लाल जैकेट पहना एक लड़का सफेद शर्ट पहने एक आदमी पर पानी डाल रहा है।,1014609273.jpg,0.9999999403953552,True
52,101471792.jpg,A man with a red jacket is shielding himself from the sun trying to read a piece of paper.,101471792.jpg,0.3201473355293274,True,சிவப்பு ஜாக்கெட் அணிந்த ஒரு மனிதர் ஒரு காகிதத்தைப் படிக்க முயற்சிக்கும்போது சூரிய ஒளியிலிருந்து தன்னைப் பாதுகாத்துக் கொள்கிறார்.,101471792.jpg,0.9999999403953552,True,लाल जैकेट पहना एक आदमी कागज का एक टुकड़ा पढ़ने की कोशिश करते हुए धूप से खुद को बचा रहा है।,101471792.jpg,1.0,True
53,1014785440.jpg,Men walking down a street with children.,101559400.jpg,0.2943996787071228,False,ஆண்கள் குழந்தைகளுடன் ஒரு தெருவில் நடந்து செல்கிறார்கள்.,1014785440.jpg,1.0,True,पुरुष बच्चों के साथ सड़क पर चल रहे हैं।,1014785440.jpg,0.9999998807907104,True
54,1015118661.jpg,A little boy is standing on the street while a man in overalls is working on a stone wall.,1015118661.jpg,0.3053039610385895,True,"ஒரு சிறுவன் தெருவில் நிற்கிறான், அதே நேரத்தில் மேலங்கி அணிந்த ஒரு மனிதர் கல் சுவரில் வேலை செய்கிறார்.",1015118661.jpg,1.0,True,"एक छोटा लड़का सड़क पर खड़ा है, जबकि ओवरऑल पहना एक आदमी पत्थर की दीवार पर काम कर रहा है।",1015118661.jpg,1.0,True
55,1015584366.jpg,A black dog leaps over a log.,1015584366.jpg,0.355829656124115,True,ஒரு கருப்பு நாய் ஒரு மரக்கட்டையின் மீது குதித்துச் செல்கிறது.,1015584366.jpg,1.0,True,एक काला कुत्ता लकड़ी के लट्ठे के ऊपर से छलांग लगा रहा है।,1015584366.jpg,1.0000001192092896,True
56,101559400.jpg,"A man in a suit is running past two other gentleman, also dressed in a suit.",101559400.jpg,0.2973794639110565,True,"சூட் அணிந்த ஒரு மனிதர், சூட் அணிந்திருக்கும் மற்ற இரண்டு மனிதர்களைக் கடந்து ஓடுகிறார்.",101559400.jpg,1.0000001192092896,True,सूट पहना एक आदमी सूट पहने हुए दो अन्य सज्जनों के पास से दौड़ रहा है।,101559400.jpg,1.0000001192092896,True
57,1015712668.jpg,Man in a red shirt riding his bicycle around water.,1015712668.jpg,0.3363102674484253,True,சிவப்பு சட்டை அணிந்த ஒரு மனிதர் தண்ணீருக்கு அருகில் தனது சைக்கிளை ஓட்டிச் செல்கிறார்.,1015712668.jpg,1.0000001192092896,True,लाल शर्ट पहना एक आदमी पानी के पास साइकिल चला रहा है।,1015712668.jpg,0.9999999403953552,True
58,10160966.jpg,A barefooted man wearing olive green shorts grilling hotdogs on a small propane grill while holding a blue plastic cup.,10160966.jpg,0.3185240626335144,True,"ஆலிவ் பச்சை நிற ஷார்ட்ஸ் அணிந்து, காலணியின்றி இருக்கும் ஒரு மனிதர், நீல நிற பிளாஸ்டிக் கோப்பையைப் பிடித்தபடி சிறிய புரொப்பேன் கிரில்லில் ஹாட் டாக் சுடுகிறார்.",10160966.jpg,0.9999999403953552,True,जैतून हरे रंग की शॉर्ट्स पहना एक नंगे पैर वाला आदमी नीले प्लास्टिक के कप को पकड़कर छोटे प्रोपेन ग्रिल पर हॉटडॉग सेंक रहा है।,10160966.jpg,1.0,True
59,101654506.jpg,A dog is running in the snow,101654506.jpg,0.3384796679019928,True,ஒரு நாய் பனியில் ஓடிக் கொண்டிருக்கிறது.,101654506.jpg,0.9999999403953552,True,एक कुत्ता बर्फ में दौड़ रहा है।,101654506.jpg,1.0000001192092896,True
60,1016626169.jpg,A crowd is standing and waiting for the green light.,101559400.jpg,0.2707265317440033,False,ஒரு கூட்டம் நின்றுகொண்டு பச்சை விளக்குக்காகக் காத்திருக்கிறது.,1016626169.jpg,0.9999998807907104,True,एक भीड़ खड़ी है और हरी बत्ती का इंतजार कर रही है।,1016626169.jpg,1.0,True
61,101669240.jpg,Man on skis looking at artwork for sale in the snow,101669240.jpg,0.32212379574775696,True,பனியில் பனிச்சறுக்கு அணிந்த ஒரு மனிதர் விற்பனைக்காக வைக்கப்பட்டுள்ள கலைப்படைப்பைப் பார்த்துக் கொண்டிருக்கிறார்.,101669240.jpg,1.0,True,स्की पर एक आदमी बर्फ में बिक्री के लिए रखी कलाकृति को देख रहा है।,101669240.jpg,0.9999999403953552,True
62,1016887272.jpg,Seven climbers are ascending a rock face whilst another man stands holding the rope.,1016887272.jpg,0.37240928411483765,True,"ஏழு பாறையேறுபவர்கள் ஒரு பாறைச் சுவரில் ஏறிக்கொண்டிருக்கிறார்கள், மற்றொரு மனிதர் கயிற்றைப் பிடித்தபடி நிற்கிறார்.",1016887272.jpg,1.0,True,"सात पर्वतारोही एक चट्टानी दीवार पर चढ़ रहे हैं, जबकि एक अन्य व्यक्ति रस्सी पकड़े खड़ा है।",1016887272.jpg,1.0000001192092896,True
63,1017675163.jpg,The young gymnast's supple body soars above the balance beam.,1017675163.jpg,0.31672924757003784,True,இளம் ஜிம்னாஸ்டின் நெகிழ்வான உடல் சமநிலைப் பீமுக்கு மேலே உயர்ந்து செல்கிறது.,1017675163.jpg,1.0,True,युवा जिम्नास्ट का लचीला शरीर बैलेंस बीम के ऊपर उछल रहा है।,1017675163.jpg,1.0,True
64,1018057225.jpg,A young boy is pushing a toy ATV around a rubber pool,1018057225.jpg,0.2763761878013611,True,ஒரு சிறுவன் ரப்பர் நீச்சல் குளத்தைச் சுற்றி பொம்மை ஏடிவியைத் தள்ளிச் செல்கிறான்.,1018057225.jpg,1.0000001192092896,True,एक छोटा लड़का रबर के पूल के चारों ओर खिलौना एटीवी धकेल रहा है।,1018057225.jpg,1.0,True
65,101859883.jpg,Woman in red windbreaker looking though a rooftop binoculars at the city below.,101859883.jpg,0.32133200764656067,True,சிவப்பு காற்றுத் தடுப்பு ஜாக்கெட் அணிந்த ஒரு பெண் கூரையில் உள்ள தொலைநோக்கியின் மூலம் கீழே இருக்கும் நகரத்தைப் பார்க்கிறார்.,101859883.jpg,1.0,True,लाल विंडब्रेकर पहनी एक महिला छत पर दूरबीन से नीचे के शहर को देख रही है।,101859883.jpg,1.0,True
66,10188041.jpg,A man is standing in front of a small red object that looks like a plane.,10188041.jpg,0.29140666127204895,True,ஒரு விமானம் போலத் தோன்றும் சிறிய சிவப்பு பொருளின் முன் ஒரு மனிதர் நிற்கிறார்.,10188041.jpg,1.0000001192092896,True,एक आदमी एक छोटी लाल वस्तु के सामने खड़ा है जो विमान जैसी दिखती है।,10188041.jpg,1.0000001192092896,True
67,1019077836.jpg,A dog is playing with a hose.,1019077836.jpg,0.34396693110466003,True,ஒரு நாய் தண்ணீர் குழாயுடன் விளையாடிக் கொண்டிருக்கிறது.,1019077836.jpg,1.0,True,एक कुत्ता पानी की नली के साथ खेल रहा है।,1019077836.jpg,1.0,True
68,101958970.jpg,A man and a little girl happily posing in front of their cart in a supermarket.,101958970.jpg,0.3492419123649597,True,ஒரு சூப்பர் மார்க்கெட்டில் ஒரு மனிதரும் ஒரு சிறுமியும் தங்கள் வண்டியின் முன் மகிழ்ச்சியாக போஸ் கொடுக்கிறார்கள்.,101958970.jpg,1.0000001192092896,True,एक आदमी और एक छोटी लड़की सुपरमार्केट में अपनी गाड़ी के सामने खुशी से पोज दे रहे हैं।,101958970.jpg,1.0,True
69,1019604187.jpg,A white dog is about to catch a yellow dog toy.,1019604187.jpg,0.3263190984725952,True,ஒரு வெள்ளை நாய் மஞ்சள் நிற நாய் பொம்மையைப் பிடிக்கப் போகிறது.,1019604187.jpg,1.0000001192092896,True,एक सफेद कुत्ता पीले रंग के कुत्ते के खिलौने को पकड़ने वाला है।,1019604187.jpg,1.0000001192092896,True
70,102030371.jpg,Guy in green shirt with hand covering part of his face in restaurant booth.,102030371.jpg,0.2533876597881317,True,உணவகத்தின் இருக்கையில் பச்சை சட்டை அணிந்த ஒரு மனிதர் தனது முகத்தின் ஒரு பகுதியை கையால் மறைத்துக் கொண்டிருக்கிறார்.,102030371.jpg,1.0,True,रेस्तरां के बूथ में हरी शर्ट पहना एक आदमी अपने हाथ से चेहरे के एक हिस्से को ढक रहा है।,102030371.jpg,0.9999998807907104,True
71,1020651753.jpg,A black and white dog jumps up towards a yellow toy.,1019604187.jpg,0.32318416237831116,False,ஒரு கருப்பு மற்றும் வெள்ளை நாய் மஞ்சள் நிற பொம்மையை நோக்கி மேலே குதிக்கிறது.,1020651753.jpg,1.0,True,एक काला और सफेद कुत्ता पीले खिलौने की ओर ऊपर की तरफ कूद रहा है।,1020651753.jpg,1.0000001192092896,True
72,1021293940.jpg,Two hikers resting by a patch of snow.,1021293940.jpg,0.3021460175514221,True,இரண்டு நடைபயணிகள் பனிப்பகுதியின் அருகில் ஓய்வெடுக்கிறார்கள்.,1021293940.jpg,1.0,True,दो पैदल यात्री बर्फ के एक हिस्से के पास आराम कर रहे हैं।,1021293940.jpg,0.9999999403953552,True
73,1021332107.jpg,A man showing off his new wooden creation.,1021332107.jpg,0.3090512752532959,True,ஒரு மனிதர் தான் புதிதாக உருவாக்கிய மரப் பொருளைக் காட்டுகிறார்.,1021332107.jpg,0.9999999403953552,True,एक आदमी अपनी नई लकड़ी की बनाई हुई वस्तु दिखा रहा है।,1021332107.jpg,1.0,True
74,1021439420.jpg,A elderly father and his grown son are preparing for a camping trip in the wild.,1021439420.jpg,0.29403284192085266,True,ஒரு வயதான தந்தையும் அவரது வயது வந்த மகனும் வனப்பகுதியில் முகாம் பயணத்திற்குத் தயாராகிக் கொண்டிருக்கிறார்கள்.,1021439420.jpg,1.0,True,एक बुजुर्ग पिता और उसका वयस्क बेटा जंगल में कैंपिंग यात्रा की तैयारी कर रहे हैं।,1021439420.jpg,1.0000001192092896,True
75,1021442086.jpg,A bearded traveler in a red shirt sitting in a car and reading a map.,1021442086.jpg,0.34219998121261597,True,சிவப்பு சட்டை அணிந்த தாடியுள்ள ஒரு பயணி காரில் அமர்ந்து வரைபடத்தைப் படித்துக் கொண்டிருக்கிறார்.,1021442086.jpg,1.0000001192092896,True,लाल शर्ट पहना एक दाढ़ी वाला यात्री कार में बैठकर नक्शा पढ़ रहा है।,1021442086.jpg,1.0,True
76,1022454332.jpg,A young boy waves his hand at the duck in the water surrounded by a green park.,1022454332.jpg,0.3555312752723694,True,பசுமையான பூங்காவால் சூழப்பட்ட நீரில் இருக்கும் வாத்தை நோக்கி ஒரு சிறுவன் கையை அசைக்கிறான்.,1022454332.jpg,1.0,True,एक युवा लड़का हरे-भरे पार्क से घिरे पानी में बत्तख की ओर हाथ हिला रहा है।,1022454332.jpg,1.0,True
77,1022454428.jpg,A couple sit on the grass with a baby and stroller.,1022454428.jpg,0.33402344584465027,True,ஒரு தம்பதியினர் ஒரு குழந்தையுடனும் குழந்தை வண்டியுடனும் புல்வெளியில் அமர்ந்திருக்கிறார்கள்.,1022454428.jpg,1.0,True,एक दंपति एक बच्चे और स्ट्रोलर के साथ घास पर बैठे हैं।,1022454428.jpg,1.0000001192092896,True
78,102268204.jpg,Some men standing in front of a building next to a parked car.,1010031975.jpg,0.2914745509624481,False,சில ஆண்கள் நிறுத்தப்பட்டுள்ள ஒரு காருக்கு அருகில் ஒரு கட்டிடத்தின் முன் நின்று கொண்டிருக்கிறார்கள்.,102268204.jpg,1.0000001192092896,True,कुछ पुरुष खड़ी हुई कार के बगल में एक इमारत के सामने खड़े हैं।,102268204.jpg,1.0,True
79,1022975728.jpg,The black dog runs through the water.,1022975728.jpg,0.3240965008735657,True,கருப்பு நாய் தண்ணீருக்குள் ஓடுகிறது.,1022975728.jpg,0.9999999403953552,True,काला कुत्ता पानी में दौड़ रहा है।,1022975728.jpg,0.9999999403953552,True
80,102351840.jpg,A man is drilling through the frozen ice of a pond.,102351840.jpg,0.3310912251472473,True,ஒரு மனிதர் குளத்தின் உறைந்த பனியில் துளையிடுகிறார்.,102351840.jpg,1.000000238418579,True,एक आदमी तालाब की जमी हुई बर्फ में ड्रिल कर रहा है।,102351840.jpg,1.0,True
81,1024138940.jpg,Two large tan dogs play along a sandy beach.,1024138940.jpg,0.35802608728408813,True,மணல் நிறைந்த கடற்கரையில் இரண்டு பெரிய பழுப்பு நிற நாய்கள் விளையாடுகின்றன.,1024138940.jpg,1.0000001192092896,True,रेतीले समुद्र तट पर दो बड़े भूरे रंग के कुत्ते खेल रहे हैं।,1024138940.jpg,1.0,True
82,102455176.jpg,A person in blue and red ice climbing with two picks.,102455176.jpg,0.3599821925163269,True,நீலம் மற்றும் சிவப்பு நிற உடை அணிந்த ஒருவர் இரண்டு பனியேறும் கருவிகளுடன் பனியில் ஏறுகிறார்.,102455176.jpg,1.0000001192092896,True,नीले और लाल कपड़े पहना एक व्यक्ति दो आइस क्लाइम्बिंग पिक्स के साथ बर्फ पर चढ़ रहा है।,102455176.jpg,0.9999999403953552,True
83,1024613706.jpg,Three people walking on a path in a meadow.,1024613706.jpg,0.31775039434432983,True,புல்வெளியில் உள்ள ஒரு பாதையில் மூன்று பேர் நடந்து செல்கிறார்கள்.,1024613706.jpg,1.0,True,घास के मैदान में एक रास्ते पर तीन लोग चल रहे हैं।,1024613706.jpg,1.0,True
84,102520526.jpg,"A man in black attire shovels snow into the street, disregarding all public safety.",102520526.jpg,0.33907195925712585,True,கருப்பு உடை அணிந்த ஒரு மனிதர் பொதுமக்களின் பாதுகாப்பைப் பொருட்படுத்தாமல் சாலையில் பனியைத் தள்ளுகிறார்.,102520526.jpg,1.0000001192092896,True,काले कपड़े पहना एक आदमी सार्वजनिक सुरक्षा की परवाह किए बिना सड़क पर बर्फ हटा रहा है।,102520526.jpg,0.9999999403953552,True
85,102575576.jpg,A couple stands behind their wedding cake.,102575576.jpg,0.3260130286216736,True,ஒரு தம்பதியினர் தங்கள் திருமண கேக்கின் பின்னால் நிற்கிறார்கள்.,102575576.jpg,1.0,True,एक दंपति अपने शादी के केक के पीछे खड़ा है।,102575576.jpg,1.0000001192092896,True
86,1026685415.jpg,A wet black dog is carrying a green toy through the grass.,1026685415.jpg,0.35629189014434814,True,ஈரமான கருப்பு நாய் புல்வெளியின் வழியாக ஒரு பச்சை நிற பொம்மையை எடுத்துச் செல்கிறது.,1026685415.jpg,1.0000001192092896,True,एक गीला काला कुत्ता घास के बीच से हरे रंग का खिलौना ले जा रहा है।,1026685415.jpg,1.0,True
87,1026792563.jpg,Villagers selling their crops at the market.,1026792563.jpg,0.3105895519256592,True,கிராம மக்கள் சந்தையில் தங்கள் பயிர்களை விற்பனை செய்கிறார்கள்.,1026792563.jpg,1.0000001192092896,True,ग्रामीण बाजार में अपनी फसलें बेच रहे हैं।,1026792563.jpg,1.0,True
88,1027149103.jpg,In a crowded concert a man in white is approaching the main singer who is wearing a yellow shirt.,1027149103.jpg,0.3027176558971405,True,"கூட்டம் நிறைந்த இசை நிகழ்ச்சியில், வெள்ளை உடை அணிந்த ஒரு மனிதர் மஞ்சள் சட்டை அணிந்திருக்கும் முக்கிய பாடகரை நோக்கி நெருங்கிச் செல்கிறார்.",1027149103.jpg,1.000000238418579,True,भीड़ भरे कॉन्सर्ट में सफेद कपड़े पहना एक आदमी पीली शर्ट पहने मुख्य गायक की ओर बढ़ रहा है।,1027149103.jpg,1.0,True
89,1027211271.jpg,A boy jumps on his skateboard while a crowd watches,1027211271.jpg,0.31245893239974976,True,ஒரு கூட்டம் பார்த்துக் கொண்டிருக்கும்போது ஒரு சிறுவன் தனது ஸ்கேட்போர்டின் மீது குதிக்கிறான்.,1027211271.jpg,0.9999999403953552,True,एक लड़का स्केटबोर्ड पर कूद रहा है जबकि भीड़ देख रही है।,1027211271.jpg,1.0,True
90,1028205764.jpg,A man and a baby are in a yellow kayak on water.,1028205764.jpg,0.31237488985061646,True,ஒரு மனிதரும் ஒரு குழந்தையும் தண்ணீரில் மஞ்சள் நிற கயாக்கில் இருக்கிறார்கள்.,1028205764.jpg,0.9999999403953552,True,एक आदमी और एक बच्चा पानी में पीले कयाक में हैं।,1028205764.jpg,0.9999999403953552,True
91,102851549.jpg,"Two people are sitting on a bench, and one women is standing by them.",102851549.jpg,0.3338683843612671,True,"இரண்டு பேர் ஒரு பெஞ்சில் அமர்ந்திருக்கிறார்கள், அவர்களருகில் ஒரு பெண் நிற்கிறார்.",102851549.jpg,1.0000001192092896,True,दो लोग एक बेंच पर बैठे हैं और उनके पास एक महिला खड़ी है।,102851549.jpg,0.9999999403953552,True
92,102860573.jpg,A construction site on a street with three men working.,102860573.jpg,0.30752256512641907,True,ஒரு தெருவில் உள்ள கட்டுமானத் தளத்தில் மூன்று ஆண்கள் வேலை செய்கிறார்கள்.,102860573.jpg,1.0,True,एक सड़क पर स्थित निर्माण स्थल पर तीन पुरुष काम कर रहे हैं।,102860573.jpg,1.0,True
93,1028982826.jpg,"Two men sitting on a bench talking, with a billboard advertisement for glasses in the background.",1028982826.jpg,0.3145390748977661,True,"இரண்டு ஆண்கள் ஒரு பெஞ்சில் அமர்ந்து பேசிக்கொண்டிருக்கிறார்கள், பின்னணியில் கண்ணாடிகளுக்கான விளம்பரப் பலகை உள்ளது.",1028982826.jpg,0.9999999403953552,True,"दो पुरुष एक बेंच पर बैठे बात कर रहे हैं, और पृष्ठभूमि में चश्मों का एक विज्ञापन बोर्ड है।",1028982826.jpg,1.0,True
94,1029802110.jpg,A group of youths march down the street waving flags showing the color spectrum.,1029802110.jpg,0.33116793632507324,True,ஒரு குழு இளைஞர்கள் வண்ண நிறச்சேர்க்கையைக் காட்டும் கொடிகளை அசைத்தபடி தெருவில் அணிவகுத்துச் செல்கிறார்கள்.,1029802110.jpg,0.9999999403953552,True,युवाओं का एक समूह रंग स्पेक्ट्रम दिखाने वाले झंडे लहराते हुए सड़क पर मार्च कर रहा है।,1029802110.jpg,0.9999999403953552,True
95,102998070.jpg,Three old men are watching another man prepare fish.,102998070.jpg,0.35067617893218994,True,மூன்று முதியவர்கள் மற்றொரு மனிதர் மீன் தயாரிப்பதைப் பார்த்துக் கொண்டிருக்கிறார்கள்.,102998070.jpg,1.0,True,तीन बुजुर्ग एक अन्य आदमी को मछली तैयार करते हुए देख रहे हैं।,102998070.jpg,1.0000001192092896,True
96,1030041880.jpg,"A woman in a white tank top with a green flowing skirt, on stage singing a song.",1030041880.jpg,0.34449219703674316,True,வெள்ளை டேங்க் டாப் மற்றும் பச்சை நிறத்தில் அலைபாயும் பாவாடை அணிந்த ஒரு பெண் மேடையில் பாடல் பாடுகிறார்.,1030041880.jpg,0.9999998211860657,True,सफेद टैंक टॉप और हरे रंग की लहराती स्कर्ट पहनी एक महिला मंच पर गीत गा रही है।,1030041880.jpg,1.0,True
97,103031977.jpg,Two men and two women sitting on steps outdoors.,103031977.jpg,0.33058875799179077,True,இரண்டு ஆண்களும் இரண்டு பெண்களும் வெளிப்புறத்தில் உள்ள படிகளில் அமர்ந்திருக்கிறார்கள்.,103031977.jpg,1.0,True,दो पुरुष और दो महिलाएँ बाहर सीढ़ियों पर बैठी हैं।,103031977.jpg,0.9999999403953552,True
98,1030985833.jpg,A brown and black lab are outside and the black lab is catching a toy in its mouth.,1030985833.jpg,0.33405303955078125,True,ஒரு பழுப்பு நிற லாப்ரடார் மற்றும் ஒரு கருப்பு லாப்ரடார் வெளியில் உள்ளன; கருப்பு லாப்ரடார் தனது வாயில் ஒரு பொம்மையைப் பிடித்துக் கொண்டிருக்கிறது.,1030985833.jpg,1.0,True,"एक भूरे रंग का लैब्राडोर और एक काला लैब्राडोर बाहर हैं, और काला लैब्राडोर अपने मुँह में एक खिलौना पकड़े हुए है।",1030985833.jpg,1.0,True
99,103106960.jpg,"Hockey goalie boy in red jacket crouches by goal, with stick.",103106960.jpg,0.3715305030345917,True,சிவப்பு ஜாக்கெட் அணிந்த ஒரு ஹாக்கி கோல்கீப்பர் சிறுவன் குச்சியுடன் கோலுக்கு அருகில் குனிந்து நிற்கிறான்.,103106960.jpg,1.0,True,लाल जैकेट पहना एक हॉकी गोलकीपर लड़का छड़ी के साथ गोल के पास झुका हुआ है।,103106960.jpg,1.0000001192092896,True
100,103195344.jpg,The man with the backpack is sitting in a buildings courtyard in front of an art sculpture reading.,101093029.jpg,0.329667329788208,False,முதுகுப்பையை அணிந்த ஒரு மனிதர் ஒரு கட்டிடத்தின் முற்றத்தில் கலைச் சிற்பத்தின் முன் அமர்ந்து படித்துக் கொண்டிருக்கிறார்.,103195344.jpg,0.9999999403953552,True,बैकपैक वाला आदमी एक इमारत के आंगन में कला की मूर्ति के सामने बैठकर पढ़ रहा है।,103195344.jpg,1.0000001192092896,True
