image_id,filename,english_caption,image_present
1000092795,1000092795.jpg,"Two young, White males are outside near many bushes.",False
10002456,10002456.jpg,Several men in hard hats are operating a giant pulley system.,False
1000268201,1000268201.jpg,A little girl climbing into a wooden playhouse.,False
1000344755,1000344755.jpg,A man in a blue shirt is standing on a ladder cleaning a window.,False
1000366164,1000366164.jpg,Two men are at the stove preparing food.,False
1000523639,1000523639.jpg,A man in green holds a guitar while the other man observes his shirt.,False
1000919630,1000919630.jpg,A man is smiling at a stuffed lion,False
10010052,10010052.jpg,A trendy girl talking on her cellphone while gliding slowly down the street.,False
1001465944,1001465944.jpg,A woman with a large purse is walking by a gate.,False
1001545525,1001545525.jpg,Boys dancing on poles in the middle of the night.,False
1001573224,1001573224.jpg,A ballet class of five girls jumping in sequence.,False
1001633352,1001633352.jpg,Four guys three wearing hats one not are jumping at the top of a staircase.,False
1001773457,1001773457.jpg,A black dog and a spotted dog are fighting,False
1001896054,1001896054.jpg,A man in a neon green and orange uniform is driving on a green tractor.,False
100197432,100197432.jpg,Several women wait outside in a city.,False
100207720,100207720.jpg,A lady in a black top with glasses is sprinkling powdered sugar on a bundt cake.,False
1002674143,1002674143.jpg,A little girl is sitting in front of a large painted rainbow.,False
1003163366,1003163366.jpg,A man lays on the bench to which a white dog is also tied.,False
1003420127,1003420127.jpg,Five people are sitting in a circle with instruments.,False
1003428081,1003428081.jpg,A bunch of elderly women play their clarinets together as they read off sheet music.,False
100444898,100444898.jpg,A large structure has broken and is laying in a roadway.,False
1005216151,1005216151.jpg,A large crowd of people stand outside in front of the entrance to a Metro station.,False
100577935,100577935.jpg,A man getting a tattoo on his back.,False
1006452823,1006452823.jpg,Two children sit on a small seesaw in the sand.,False
100652400,100652400.jpg,A man wearing a reflective vest and a hard hat holds a flag in the road,False
100716317,100716317.jpg,"A person dressed in a blue coat is standing in on a busy sidewalk, studying painting of a street scene.",False
1007205537,1007205537.jpg,A man in green pants walking down the road.,False
1007320043,1007320043.jpg,The small child climbs on a red ropes on a playground.,False
100759042,100759042.jpg,You know i am looking like Justin Bieber.,False
10082347,10082347.jpg,A young man in a black and yellow jacket is gazing at something and smiling.,False
10082348,10082348.jpg,A man standing at a urinal with a coffee cup.,False
100845130,100845130.jpg,Five people walking with a multicolored sky in the background.,False
10090841,10090841.jpg,A old man having a beer alone.,False
1009692167,1009692167.jpg,A trained police dog sits next to his handler in front of the police van.,False
101001624,101001624.jpg,A person riding a bike on a snowy road.,False
1010031975,1010031975.jpg,"Five men, uniformly dressed in white shirts, tie and black slacks converse at the back of an open van.",False
1010087179,1010087179.jpg,A man with a backwards hat works on machinery.,False
1010087623,1010087623.jpg,A black woman and a white man working in a factory setting packing jars with candles into boxes.,False
10101477,10101477.jpg,Asian man sweeping the walkway.,False
1010470346,1010470346.jpg,"A man leans into a car to talk to the driver, as a man on a bicycle looks on.",False
1010673430,1010673430.jpg,Two young toddlers outside on the grass.,False
101093029,101093029.jpg,People are watching a person in a weird vehicle in a plaza.,False
101093045,101093045.jpg,A man walks by a silver vehicle.,False
1011572216,1011572216.jpg,A beautiful bride walking on a sidewalk with her new husband.,False
1012150929,1012150929.jpg,A little boy playing GameCube at a McDonald's.,False
1012212859,1012212859.jpg,A white dog shakes on the edge of a beach with an orange ball.,False
1012328893,1012328893.jpg,A group of people having a barbecue at a park.,False
101262930,101262930.jpg,A man in sunglasses puts his arm around a woman in a black and white blouse.,False
1013536888,1013536888.jpg,A man with a balloon hat and people eating outdoors at picnic tables.,False
101362650,101362650.jpg,A boy jump kicking over three kids kicking wood during a tae kwon do competition.,False
1014609273,1014609273.jpg,A boy in a red jacket pouring water on a man in a white shirt,False
101471792,101471792.jpg,A man with a red jacket is shielding himself from the sun trying to read a piece of paper.,False
1014785440,1014785440.jpg,Men walking down a street with children.,False
1015118661,1015118661.jpg,A little boy is standing on the street while a man in overalls is working on a stone wall.,False
1015584366,1015584366.jpg,A black dog leaps over a log.,False
101559400,101559400.jpg,"A man in a suit is running past two other gentleman, also dressed in a suit.",False
1015712668,1015712668.jpg,Man in a red shirt riding his bicycle around water.,False
10160966,10160966.jpg,A barefooted man wearing olive green shorts grilling hotdogs on a small propane grill while holding a blue plastic cup.,False
101654506,101654506.jpg,A dog is running in the snow,False
1016626169,1016626169.jpg,A crowd is standing and waiting for the green light.,False
101669240,101669240.jpg,Man on skis looking at artwork for sale in the snow,False
1016887272,1016887272.jpg,Seven climbers are ascending a rock face whilst another man stands holding the rope.,False
1017675163,1017675163.jpg,The young gymnast's supple body soars above the balance beam.,False
1018057225,1018057225.jpg,A young boy is pushing a toy ATV around a rubber pool,False
101859883,101859883.jpg,Woman in red windbreaker looking though a rooftop binoculars at the city below.,False
10188041,10188041.jpg,A man is standing in front of a small red object that looks like a plane.,False
1019077836,1019077836.jpg,A dog is playing with a hose.,False
101958970,101958970.jpg,A man and a little girl happily posing in front of their cart in a supermarket.,False
1019604187,1019604187.jpg,A white dog is about to catch a yellow dog toy.,False
102030371,102030371.jpg,Guy in green shirt with hand covering part of his face in restaurant booth.,False
1020651753,1020651753.jpg,A black and white dog jumps up towards a yellow toy.,False
1021293940,1021293940.jpg,Two hikers resting by a patch of snow.,False
1021332107,1021332107.jpg,A man showing off his new wooden creation.,False
1021439420,1021439420.jpg,A elderly father and his grown son are preparing for a camping trip in the wild.,False
1021442086,1021442086.jpg,A bearded traveler in a red shirt sitting in a car and reading a map.,False
1022454332,1022454332.jpg,A young boy waves his hand at the duck in the water surrounded by a green park.,False
1022454428,1022454428.jpg,A couple sit on the grass with a baby and stroller.,False
102268204,102268204.jpg,Some men standing in front of a building next to a parked car.,False
1022975728,1022975728.jpg,The black dog runs through the water.,False
102351840,102351840.jpg,A man is drilling through the frozen ice of a pond.,False
1024138940,1024138940.jpg,Two large tan dogs play along a sandy beach.,False
102455176,102455176.jpg,A person in blue and red ice climbing with two picks.,False
1024613706,1024613706.jpg,Three people walking on a path in a meadow.,False
102520526,102520526.jpg,"A man in black attire shovels snow into the street, disregarding all public safety.",False
102575576,102575576.jpg,A couple stands behind their wedding cake.,False
1026685415,1026685415.jpg,A wet black dog is carrying a green toy through the grass.,False
1026792563,1026792563.jpg,Villagers selling their crops at the market.,False
1027149103,1027149103.jpg,In a crowded concert a man in white is approaching the main singer who is wearing a yellow shirt.,False
1027211271,1027211271.jpg,A boy jumps on his skateboard while a crowd watches,False
1028205764,1028205764.jpg,A man and a baby are in a yellow kayak on water.,False
102851549,102851549.jpg,"Two people are sitting on a bench, and one women is standing by them.",False
102860573,102860573.jpg,A construction site on a street with three men working.,False
1028982826,1028982826.jpg,"Two men sitting on a bench talking, with a billboard advertisement for glasses in the background.",False
1029802110,1029802110.jpg,A group of youths march down the street waving flags showing the color spectrum.,False
102998070,102998070.jpg,Three old men are watching another man prepare fish.,False
1030041880,1030041880.jpg,"A woman in a white tank top with a green flowing skirt, on stage singing a song.",False
103031977,103031977.jpg,Two men and two women sitting on steps outdoors.,False
1030985833,1030985833.jpg,A brown and black lab are outside and the black lab is catching a toy in its mouth.,False
103106960,103106960.jpg,"Hockey goalie boy in red jacket crouches by goal, with stick.",False
103195344,103195344.jpg,The man with the backpack is sitting in a buildings courtyard in front of an art sculpture reading.,False
