image_id,filename,english_caption,tamil_caption,hindi_caption,tamil_verified,hindi_verified
1000092795,1000092795.jpg,"Two young, White males are outside near many bushes.","இரண்டு இளம், வெள்ளை நிற ஆண்கள் வெளியில் பல புதர்களுக்கு அருகில் உள்ளனர்.","दो युवा, गोरे पुरुष बाहर कई झाड़ियों के पास खड़े हैं।",True,True
10002456,10002456.jpg,Several men in hard hats are operating a giant pulley system.,பல ஆண்கள் பாதுகாப்புத் தொப்பிகளை அணிந்து ஒரு பெரிய புல்லி அமைப்பை இயக்குகின்றனர்.,कई पुरुष सुरक्षा हेलमेट पहनकर एक विशाल पुली प्रणाली चला रहे हैं।,True,True
1000268201,1000268201.jpg,A little girl climbing into a wooden playhouse.,ஒரு சிறுமி மரத்தால் செய்யப்பட்ட விளையாட்டு வீட்டிற்குள் ஏறுகிறாள்.,एक छोटी लड़की लकड़ी के खेलघर में चढ़ रही है।,True,True
1000344755,1000344755.jpg,A man in a blue shirt is standing on a ladder cleaning a window.,நீல நிற சட்டை அணிந்த ஒரு மனிதர் ஏணியில் நின்றுகொண்டு ஜன்னலை சுத்தம் செய்கிறார்.,नीली शर्ट पहना हुआ एक आदमी सीढ़ी पर खड़े होकर खिड़की साफ कर रहा है।,True,True
1000366164,1000366164.jpg,Two men are at the stove preparing food.,இரண்டு ஆண்கள் அடுப்பில் உணவு தயாரித்துக் கொண்டிருக்கிறார்கள்.,दो आदमी चूल्हे पर खाना तैयार कर रहे हैं।,True,True
1000523639,1000523639.jpg,A man in green holds a guitar while the other man observes his shirt.,"பச்சை நிற ஆடை அணிந்த ஒரு மனிதர் கிட்டார் வாசித்துக் கொண்டிருக்கிறார், மற்றொரு மனிதர் அவரைக் கவனிக்கிறார்.","हरे कपड़े पहना हुआ एक आदमी गिटार बजा रहा है, जबकि दूसरा आदमी उसे देख रहा है।",True,True
1000919630,1000919630.jpg,A man is smiling at a stuffed lion,ஒரு மனிதர் ஒரு பொம்மை சிங்கத்தைப் பார்த்து சிரிக்கிறார்.,एक आदमी भरवां शेर को देखकर मुस्कुरा रहा है।,True,True
10010052,10010052.jpg,A trendy girl talking on her cellphone while gliding slowly down the street.,ஒரு நவீன பெண் செல்போனில் பேசிக்கொண்டே தெருவில் மெதுவாக சறுக்கிச் செல்கிறாள்.,एक आधुनिक लड़की सेलफोन पर बात करते हुए सड़क पर धीरे-धीरे स्केटिंग कर रही है।,True,True
1001465944,1001465944.jpg,A woman with a large purse is walking by a gate.,ஒரு பெரிய கைப்பையை வைத்திருக்கும் பெண் ஒரு வாயிலின் அருகே நடந்து செல்கிறார்.,एक बड़ी पर्स वाली महिला एक गेट के पास चल रही है।,True,True
1001545525,1001545525.jpg,Boys dancing on poles in the middle of the night.,நள்ளிரவில் சிறுவர்கள் கம்புகளின் மீது நடனமாடுகிறார்கள்.,आधी रात में लड़के खंभों पर नृत्य कर रहे हैं।,True,True
1001573224,1001573224.jpg,A ballet class of five girls jumping in sequence.,ஐந்து சிறுமிகள் வரிசையாக குதிக்கும் ஒரு பாலே வகுப்பு.,पाँच लड़कियों की बैले कक्षा में लड़कियाँ क्रम से कूद रही हैं।,True,True
1001633352,1001633352.jpg,Four guys three wearing hats one not are jumping at the top of a staircase.,"நான்கு ஆண்கள், அவர்களில் மூவர் தொப்பி அணிந்துள்ளனர், ஒருவர் அணியவில்லை; அவர்கள் படிக்கட்டின் மேல் பகுதியில் குதிக்கிறார்கள்.","चार पुरुष, जिनमें से तीन ने टोपी पहनी है और एक ने नहीं, सीढ़ियों के ऊपर कूद रहे हैं।",True,True
1001773457,1001773457.jpg,A black dog and a spotted dog are fighting,ஒரு கருப்பு நாயும் புள்ளிகள் கொண்ட ஒரு நாயும் சண்டையிடுகின்றன.,एक काला कुत्ता और एक धब्बेदार कुत्ता लड़ रहे हैं।,True,True
1001896054,1001896054.jpg,A man in a neon green and orange uniform is driving on a green tractor.,நியான் பச்சை மற்றும் ஆரஞ்சு நிற சீருடை அணிந்த ஒரு மனிதர் பச்சை டிராக்டரை ஓட்டுகிறார்.,नियॉन हरे और नारंगी रंग की वर्दी पहना हुआ एक आदमी हरे ट्रैक्टर को चला रहा है।,True,True
100197432,100197432.jpg,Several women wait outside in a city.,ஒரு நகரத்தில் பல பெண்கள் வெளியில் காத்திருக்கிறார்கள்.,एक शहर में कई महिलाएँ बाहर इंतज़ार कर रही हैं।,True,True
100207720,100207720.jpg,A lady in a black top with glasses is sprinkling powdered sugar on a bundt cake.,கண்ணாடி அணிந்த கருப்பு மேலாடை அணிந்த ஒரு பெண் பண்ட்ட் கேக்கின் மீது பொடித்த சர்க்கரையைத் தூவுகிறார்.,चश्मा पहने काले टॉप वाली एक महिला बंड्ट केक पर पिसी हुई चीनी छिड़क रही है।,True,True
1002674143,1002674143.jpg,A little girl is sitting in front of a large painted rainbow.,ஒரு சிறுமி பெரிய வண்ணம் தீட்டப்பட்ட வானவில்லின் முன் அமர்ந்திருக்கிறாள்.,एक छोटी लड़की बड़े रंगे हुए इंद्रधनुष के सामने बैठी है।,True,True
1003163366,1003163366.jpg,A man lays on the bench to which a white dog is also tied.,ஒரு வெள்ளை நாயும் கட்டப்பட்டிருக்கும் பெஞ்சின் மீது ஒரு மனிதர் படுத்திருக்கிறார்.,"एक आदमी उस बेंच पर लेटा है, जिस पर एक सफेद कुत्ता भी बंधा हुआ है।",True,True
1003420127,1003420127.jpg,Five people are sitting in a circle with instruments.,ஐந்து பேர் இசைக்கருவிகளுடன் ஒரு வட்டமாக அமர்ந்திருக்கிறார்கள்.,पाँच लोग वाद्ययंत्रों के साथ एक घेरे में बैठे हैं।,True,True
1003428081,1003428081.jpg,A bunch of elderly women play their clarinets together as they read off sheet music.,வயதான பெண்கள் குழுவாக தங்கள் கிளாரினெட்டுகளை ஒன்றாக வாசித்துக்கொண்டே இசைக் குறிப்புகளைப் படிக்கிறார்கள்.,बुजुर्ग महिलाओं का एक समूह शीट संगीत पढ़ते हुए एक साथ क्लैरिनेट बजा रहा है।,True,True
100444898,100444898.jpg,A large structure has broken and is laying in a roadway.,ஒரு பெரிய கட்டமைப்பு உடைந்து சாலையில் கிடக்கிறது.,एक बड़ी संरचना टूटकर सड़क पर पड़ी हुई है।,True,True
1005216151,1005216151.jpg,A large crowd of people stand outside in front of the entrance to a Metro station.,மெட்ரோ நிலையத்தின் நுழைவாயிலுக்கு வெளியே ஒரு பெரிய கூட்டம் மக்கள் நிற்கிறார்கள்.,मेट्रो स्टेशन के प्रवेश द्वार के सामने बाहर लोगों की एक बड़ी भीड़ खड़ी है।,True,True
100577935,100577935.jpg,A man getting a tattoo on his back.,ஒரு மனிதர் தனது முதுகில் பச்சை குத்திக் கொண்டிருக்கிறார்.,एक आदमी अपनी पीठ पर टैटू बनवा रहा है।,True,True
1006452823,1006452823.jpg,Two children sit on a small seesaw in the sand.,மணலில் உள்ள ஒரு சிறிய சீசாவில் இரண்டு குழந்தைகள் அமர்ந்திருக்கிறார்கள்.,रेत में एक छोटे से झूले पर दो बच्चे बैठे हैं।,True,True
100652400,100652400.jpg,A man wearing a reflective vest and a hard hat holds a flag in the road,பிரதிபலிப்பு உடையும் பாதுகாப்புத் தொப்பியும் அணிந்த ஒரு மனிதர் சாலையில் ஒரு கொடியை வைத்திருக்கிறார்.,प्रतिबिंबित जैकेट और सुरक्षा हेलमेट पहने एक आदमी सड़क पर झंडा पकड़े हुए है।,True,True
100716317,100716317.jpg,"A person dressed in a blue coat is standing in on a busy sidewalk, studying painting of a street scene.","நீல நிற கோட் அணிந்த ஒருவர் பரபரப்பான நடைபாதையில் நின்றுகொண்டு, ஒரு தெருக்காட்சியின் ஓவியத்தை கவனமாகப் பார்க்கிறார்.",नीला कोट पहने एक व्यक्ति व्यस्त फुटपाथ पर खड़ा होकर सड़क के दृश्य की एक पेंटिंग का अध्ययन कर रहा है।,True,True
1007205537,1007205537.jpg,A man in green pants walking down the road.,பச்சை நிற கால்சட்டை அணிந்த ஒரு மனிதர் சாலையில் நடந்து செல்கிறார்.,हरे रंग की पैंट पहना हुआ एक आदमी सड़क पर चल रहा है।,True,True
1007320043,1007320043.jpg,The small child climbs on a red ropes on a playground.,ஒரு சிறிய குழந்தை விளையாட்டு மைதானத்தில் சிவப்பு கயிறுகளில் ஏறுகிறது.,एक छोटा बच्चा खेल के मैदान में लाल रस्सियों पर चढ़ रहा है।,True,True
100759042,100759042.jpg,You know i am looking like Justin Bieber.,நான் ஜஸ்டின் பீபர் போல இருக்கிறேன் என்பது உங்களுக்குத் தெரியும்.,आप जानते हैं कि मैं जस्टिन बीबर जैसा दिखता हूँ।,True,True
10082347,10082347.jpg,A young man in a black and yellow jacket is gazing at something and smiling.,கருப்பு மற்றும் மஞ்சள் நிற ஜாக்கெட் அணிந்த ஒரு இளைஞன் எதையோ பார்த்துக்கொண்டு சிரிக்கிறார்.,काले और पीले रंग की जैकेट पहना हुआ एक युवक किसी चीज़ को देख रहा है और मुस्कुरा रहा है।,True,True
10082348,10082348.jpg,A man standing at a urinal with a coffee cup.,ஒரு காபிக் கோப்பையுடன் ஒரு மனிதர் சிறுநீர் கழிக்கும் தொட்டியின் அருகில் நிற்கிறார்.,एक आदमी कॉफी के कप के साथ मूत्रालय के पास खड़ा है।,True,True
100845130,100845130.jpg,Five people walking with a multicolored sky in the background.,"பல வண்ண வானம் பின்னணியில் இருக்க, ஐந்து பேர் நடந்து செல்கிறார்கள்.",पृष्ठभूमि में बहुरंगी आकाश के साथ पाँच लोग चल रहे हैं।,True,True
10090841,10090841.jpg,A old man having a beer alone.,ஒரு முதியவர் தனியாக பீர் குடித்துக் கொண்டிருக்கிறார்.,एक बूढ़ा आदमी अकेले बीयर पी रहा है।,True,True
1009692167,1009692167.jpg,A trained police dog sits next to his handler in front of the police van.,ஒரு பயிற்சி பெற்ற காவல்துறை நாய் காவல்துறை வேனின் முன் தனது பயிற்சியாளருக்கு அருகில் அமர்ந்திருக்கிறது.,एक प्रशिक्षित पुलिस कुत्ता पुलिस वैन के सामने अपने संचालक के पास बैठा है।,True,True
101001624,101001624.jpg,A person riding a bike on a snowy road.,ஒரு நபர் பனியால் மூடப்பட்ட சாலையில் சைக்கிள் ஓட்டிச் செல்கிறார்.,एक व्यक्ति बर्फ से ढकी सड़क पर साइकिल चला रहा है।,True,True
1010031975,1010031975.jpg,"Five men, uniformly dressed in white shirts, tie and black slacks converse at the back of an open van.","வெள்ளை சட்டைகள், டை மற்றும் கருப்பு கால்சட்டைகள் அணிந்த ஐந்து ஆண்கள் திறந்த வேனின் பின்புறத்தில் உரையாடுகிறார்கள்.","सफेद शर्ट, टाई और काली पैंट पहने पाँच पुरुष खुले वैन के पीछे बातचीत कर रहे हैं।",True,True
1010087179,1010087179.jpg,A man with a backwards hat works on machinery.,பின்னோக்கி அணிந்த தொப்பியுடன் ஒரு மனிதர் இயந்திரங்களில் வேலை செய்கிறார்.,पीछे की ओर टोपी पहने एक आदमी मशीनरी पर काम कर रहा है।,True,True
1010087623,1010087623.jpg,A black woman and a white man working in a factory setting packing jars with candles into boxes.,ஒரு கருப்பினப் பெண்ணும் ஒரு வெள்ளையின ஆணும் தொழிற்சாலை சூழலில் மெழுகுவர்த்திகள் உள்ள ஜாடிகளை பெட்டிகளில் அடைக்கிறார்கள்.,एक अश्वेत महिला और एक श्वेत पुरुष कारखाने में मोमबत्तियों वाले जारों को बक्सों में पैक कर रहे हैं।,True,True
10101477,10101477.jpg,Asian man sweeping the walkway.,ஒரு ஆசிய மனிதர் நடைபாதையைப் பெருக்கி சுத்தம் செய்கிறார்.,एक एशियाई आदमी फुटपाथ पर झाड़ू लगा रहा है।,True,True
1010470346,1010470346.jpg,"A man leans into a car to talk to the driver, as a man on a bicycle looks on.","ஒரு மனிதர் ஓட்டுநரிடம் பேசுவதற்காக ஒரு காருக்குள் குனிந்து கொண்டிருக்கிறார், அதே நேரத்தில் சைக்கிளில் இருக்கும் மற்றொரு மனிதர் பார்த்துக் கொண்டிருக்கிறார்.","एक आदमी ड्राइवर से बात करने के लिए कार के अंदर झुक रहा है, जबकि साइकिल पर एक आदमी देख रहा है।",True,True
1010673430,1010673430.jpg,Two young toddlers outside on the grass.,வெளியில் புல்வெளியில் இரண்டு சிறு குழந்தைகள் இருக்கிறார்கள்.,बाहर घास पर दो छोटे बच्चे हैं।,True,True
101093029,101093029.jpg,People are watching a person in a weird vehicle in a plaza.,ஒரு சதுக்கத்தில் விசித்திரமான வாகனத்தில் இருக்கும் ஒருவரை மக்கள் பார்த்துக் கொண்டிருக்கிறார்கள்.,लोग एक चौक में एक अजीब वाहन में बैठे व्यक्ति को देख रहे हैं।,True,True
101093045,101093045.jpg,A man walks by a silver vehicle.,ஒரு மனிதர் வெள்ளி நிற வாகனத்தின் அருகே நடந்து செல்கிறார்.,एक आदमी चांदी के रंग के वाहन के पास चल रहा है।,True,True
1011572216,1011572216.jpg,A beautiful bride walking on a sidewalk with her new husband.,ஒரு அழகான மணமகள் தனது புதிய கணவருடன் நடைபாதையில் நடந்து செல்கிறாள்.,एक सुंदर दुल्हन अपने नए पति के साथ फुटपाथ पर चल रही है।,True,True
1012150929,1012150929.jpg,A little boy playing GameCube at a McDonald's.,மெக்டொனால்ட்ஸ் உணவகத்தில் ஒரு சிறுவன் கேம் கியூப் விளையாடுகிறான்.,मैकडॉनल्ड्स में एक छोटा लड़का गेमक्यूब खेल रहा है।,True,True
1012212859,1012212859.jpg,A white dog shakes on the edge of a beach with an orange ball.,ஒரு வெள்ளை நாய் ஆரஞ்சு நிறப் பந்துடன் கடற்கரையின் விளிம்பில் குலுங்கிக் கொண்டிருக்கிறது.,एक सफेद कुत्ता नारंगी गेंद के साथ समुद्र तट के किनारे कांप रहा है।,True,True
1012328893,1012328893.jpg,A group of people having a barbecue at a park.,ஒரு குழுவினர் பூங்காவில் பார்பிக்யூ செய்து கொண்டிருக்கிறார்கள்.,लोगों का एक समूह पार्क में बारबेक्यू कर रहा है।,True,True
101262930,101262930.jpg,A man in sunglasses puts his arm around a woman in a black and white blouse.,சூரியக் கண்ணாடி அணிந்த ஒரு மனிதர் கருப்பு மற்றும் வெள்ளை நிற மேலாடை அணிந்த ஒரு பெண்ணைச் சுற்றி தனது கையை வைத்திருக்கிறார்.,धूप का चश्मा पहने एक आदमी काले और सफेद ब्लाउज पहनी एक महिला के चारों ओर अपना हाथ रखता है।,True,True
1013536888,1013536888.jpg,A man with a balloon hat and people eating outdoors at picnic tables.,"பலூன் தொப்பி அணிந்த ஒரு மனிதரும், மக்கள் சிலரும் வெளிப்புறத்தில் பிக்னிக் மேசைகளில் சாப்பிட்டுக் கொண்டிருக்கிறார்கள்.",एक बैलून टोपी पहने आदमी और कुछ लोग पिकनिक की मेजों पर बाहर खाना खा रहे हैं।,True,True
101362650,101362650.jpg,A boy jump kicking over three kids kicking wood during a tae kwon do competition.,தை குவான் டோ போட்டியின் போது மரத்துண்டுகளை உதைக்கும் மூன்று குழந்தைகளின் மீது ஒரு சிறுவன் குதித்து உதைக்கிறான்.,एक लड़का ताइक्वांडो प्रतियोगिता के दौरान लकड़ी पर लात मार रहे तीन बच्चों के ऊपर से छलांग लगाकर किक कर रहा है।,True,True
1014609273,1014609273.jpg,A boy in a red jacket pouring water on a man in a white shirt,சிவப்பு ஜாக்கெட் அணிந்த ஒரு சிறுவன் வெள்ளை சட்டை அணிந்த ஒரு மனிதர் மீது தண்ணீரை ஊற்றிக் கொண்டிருக்கிறான்.,लाल जैकेट पहना एक लड़का सफेद शर्ट पहने एक आदमी पर पानी डाल रहा है।,True,True
101471792,101471792.jpg,A man with a red jacket is shielding himself from the sun trying to read a piece of paper.,சிவப்பு ஜாக்கெட் அணிந்த ஒரு மனிதர் ஒரு காகிதத்தைப் படிக்க முயற்சிக்கும்போது சூரிய ஒளியிலிருந்து தன்னைப் பாதுகாத்துக் கொள்கிறார்.,लाल जैकेट पहना एक आदमी कागज का एक टुकड़ा पढ़ने की कोशिश करते हुए धूप से खुद को बचा रहा है।,True,True
1014785440,1014785440.jpg,Men walking down a street with children.,ஆண்கள் குழந்தைகளுடன் ஒரு தெருவில் நடந்து செல்கிறார்கள்.,पुरुष बच्चों के साथ सड़क पर चल रहे हैं।,True,True
1015118661,1015118661.jpg,A little boy is standing on the street while a man in overalls is working on a stone wall.,"ஒரு சிறுவன் தெருவில் நிற்கிறான், அதே நேரத்தில் மேலங்கி அணிந்த ஒரு மனிதர் கல் சுவரில் வேலை செய்கிறார்.","एक छोटा लड़का सड़क पर खड़ा है, जबकि ओवरऑल पहना एक आदमी पत्थर की दीवार पर काम कर रहा है।",True,True
1015584366,1015584366.jpg,A black dog leaps over a log.,ஒரு கருப்பு நாய் ஒரு மரக்கட்டையின் மீது குதித்துச் செல்கிறது.,एक काला कुत्ता लकड़ी के लट्ठे के ऊपर से छलांग लगा रहा है।,True,True
101559400,101559400.jpg,"A man in a suit is running past two other gentleman, also dressed in a suit.","சூட் அணிந்த ஒரு மனிதர், சூட் அணிந்திருக்கும் மற்ற இரண்டு மனிதர்களைக் கடந்து ஓடுகிறார்.",सूट पहना एक आदमी सूट पहने हुए दो अन्य सज्जनों के पास से दौड़ रहा है।,True,True
1015712668,1015712668.jpg,Man in a red shirt riding his bicycle around water.,சிவப்பு சட்டை அணிந்த ஒரு மனிதர் தண்ணீருக்கு அருகில் தனது சைக்கிளை ஓட்டிச் செல்கிறார்.,लाल शर्ट पहना एक आदमी पानी के पास साइकिल चला रहा है।,True,True
10160966,10160966.jpg,A barefooted man wearing olive green shorts grilling hotdogs on a small propane grill while holding a blue plastic cup.,"ஆலிவ் பச்சை நிற ஷார்ட்ஸ் அணிந்து, காலணியின்றி இருக்கும் ஒரு மனிதர், நீல நிற பிளாஸ்டிக் கோப்பையைப் பிடித்தபடி சிறிய புரொப்பேன் கிரில்லில் ஹாட் டாக் சுடுகிறார்.",जैतून हरे रंग की शॉर्ट्स पहना एक नंगे पैर वाला आदमी नीले प्लास्टिक के कप को पकड़कर छोटे प्रोपेन ग्रिल पर हॉटडॉग सेंक रहा है।,True,True
101654506,101654506.jpg,A dog is running in the snow,ஒரு நாய் பனியில் ஓடிக் கொண்டிருக்கிறது.,एक कुत्ता बर्फ में दौड़ रहा है।,True,True
1016626169,1016626169.jpg,A crowd is standing and waiting for the green light.,ஒரு கூட்டம் நின்றுகொண்டு பச்சை விளக்குக்காகக் காத்திருக்கிறது.,एक भीड़ खड़ी है और हरी बत्ती का इंतजार कर रही है।,True,True
101669240,101669240.jpg,Man on skis looking at artwork for sale in the snow,பனியில் பனிச்சறுக்கு அணிந்த ஒரு மனிதர் விற்பனைக்காக வைக்கப்பட்டுள்ள கலைப்படைப்பைப் பார்த்துக் கொண்டிருக்கிறார்.,स्की पर एक आदमी बर्फ में बिक्री के लिए रखी कलाकृति को देख रहा है।,True,True
1016887272,1016887272.jpg,Seven climbers are ascending a rock face whilst another man stands holding the rope.,"ஏழு பாறையேறுபவர்கள் ஒரு பாறைச் சுவரில் ஏறிக்கொண்டிருக்கிறார்கள், மற்றொரு மனிதர் கயிற்றைப் பிடித்தபடி நிற்கிறார்.","सात पर्वतारोही एक चट्टानी दीवार पर चढ़ रहे हैं, जबकि एक अन्य व्यक्ति रस्सी पकड़े खड़ा है।",True,True
1017675163,1017675163.jpg,The young gymnast's supple body soars above the balance beam.,இளம் ஜிம்னாஸ்டின் நெகிழ்வான உடல் சமநிலைப் பீமுக்கு மேலே உயர்ந்து செல்கிறது.,युवा जिम्नास्ट का लचीला शरीर बैलेंस बीम के ऊपर उछल रहा है।,True,True
1018057225,1018057225.jpg,A young boy is pushing a toy ATV around a rubber pool,ஒரு சிறுவன் ரப்பர் நீச்சல் குளத்தைச் சுற்றி பொம்மை ஏடிவியைத் தள்ளிச் செல்கிறான்.,एक छोटा लड़का रबर के पूल के चारों ओर खिलौना एटीवी धकेल रहा है।,True,True
101859883,101859883.jpg,Woman in red windbreaker looking though a rooftop binoculars at the city below.,சிவப்பு காற்றுத் தடுப்பு ஜாக்கெட் அணிந்த ஒரு பெண் கூரையில் உள்ள தொலைநோக்கியின் மூலம் கீழே இருக்கும் நகரத்தைப் பார்க்கிறார்.,लाल विंडब्रेकर पहनी एक महिला छत पर दूरबीन से नीचे के शहर को देख रही है।,True,True
10188041,10188041.jpg,A man is standing in front of a small red object that looks like a plane.,ஒரு விமானம் போலத் தோன்றும் சிறிய சிவப்பு பொருளின் முன் ஒரு மனிதர் நிற்கிறார்.,एक आदमी एक छोटी लाल वस्तु के सामने खड़ा है जो विमान जैसी दिखती है।,True,True
1019077836,1019077836.jpg,A dog is playing with a hose.,ஒரு நாய் தண்ணீர் குழாயுடன் விளையாடிக் கொண்டிருக்கிறது.,एक कुत्ता पानी की नली के साथ खेल रहा है।,True,True
101958970,101958970.jpg,A man and a little girl happily posing in front of their cart in a supermarket.,ஒரு சூப்பர் மார்க்கெட்டில் ஒரு மனிதரும் ஒரு சிறுமியும் தங்கள் வண்டியின் முன் மகிழ்ச்சியாக போஸ் கொடுக்கிறார்கள்.,एक आदमी और एक छोटी लड़की सुपरमार्केट में अपनी गाड़ी के सामने खुशी से पोज दे रहे हैं।,True,True
1019604187,1019604187.jpg,A white dog is about to catch a yellow dog toy.,ஒரு வெள்ளை நாய் மஞ்சள் நிற நாய் பொம்மையைப் பிடிக்கப் போகிறது.,एक सफेद कुत्ता पीले रंग के कुत्ते के खिलौने को पकड़ने वाला है।,True,True
102030371,102030371.jpg,Guy in green shirt with hand covering part of his face in restaurant booth.,உணவகத்தின் இருக்கையில் பச்சை சட்டை அணிந்த ஒரு மனிதர் தனது முகத்தின் ஒரு பகுதியை கையால் மறைத்துக் கொண்டிருக்கிறார்.,रेस्तरां के बूथ में हरी शर्ट पहना एक आदमी अपने हाथ से चेहरे के एक हिस्से को ढक रहा है।,True,True
1020651753,1020651753.jpg,A black and white dog jumps up towards a yellow toy.,ஒரு கருப்பு மற்றும் வெள்ளை நாய் மஞ்சள் நிற பொம்மையை நோக்கி மேலே குதிக்கிறது.,एक काला और सफेद कुत्ता पीले खिलौने की ओर ऊपर की तरफ कूद रहा है।,True,True
1021293940,1021293940.jpg,Two hikers resting by a patch of snow.,இரண்டு நடைபயணிகள் பனிப்பகுதியின் அருகில் ஓய்வெடுக்கிறார்கள்.,दो पैदल यात्री बर्फ के एक हिस्से के पास आराम कर रहे हैं।,True,True
1021332107,1021332107.jpg,A man showing off his new wooden creation.,ஒரு மனிதர் தான் புதிதாக உருவாக்கிய மரப் பொருளைக் காட்டுகிறார்.,एक आदमी अपनी नई लकड़ी की बनाई हुई वस्तु दिखा रहा है।,True,True
1021439420,1021439420.jpg,A elderly father and his grown son are preparing for a camping trip in the wild.,ஒரு வயதான தந்தையும் அவரது வயது வந்த மகனும் வனப்பகுதியில் முகாம் பயணத்திற்குத் தயாராகிக் கொண்டிருக்கிறார்கள்.,एक बुजुर्ग पिता और उसका वयस्क बेटा जंगल में कैंपिंग यात्रा की तैयारी कर रहे हैं।,True,True
1021442086,1021442086.jpg,A bearded traveler in a red shirt sitting in a car and reading a map.,சிவப்பு சட்டை அணிந்த தாடியுள்ள ஒரு பயணி காரில் அமர்ந்து வரைபடத்தைப் படித்துக் கொண்டிருக்கிறார்.,लाल शर्ट पहना एक दाढ़ी वाला यात्री कार में बैठकर नक्शा पढ़ रहा है।,True,True
1022454332,1022454332.jpg,A young boy waves his hand at the duck in the water surrounded by a green park.,பசுமையான பூங்காவால் சூழப்பட்ட நீரில் இருக்கும் வாத்தை நோக்கி ஒரு சிறுவன் கையை அசைக்கிறான்.,एक युवा लड़का हरे-भरे पार्क से घिरे पानी में बत्तख की ओर हाथ हिला रहा है।,True,True
1022454428,1022454428.jpg,A couple sit on the grass with a baby and stroller.,ஒரு தம்பதியினர் ஒரு குழந்தையுடனும் குழந்தை வண்டியுடனும் புல்வெளியில் அமர்ந்திருக்கிறார்கள்.,एक दंपति एक बच्चे और स्ट्रोलर के साथ घास पर बैठे हैं।,True,True
102268204,102268204.jpg,Some men standing in front of a building next to a parked car.,சில ஆண்கள் நிறுத்தப்பட்டுள்ள ஒரு காருக்கு அருகில் ஒரு கட்டிடத்தின் முன் நின்று கொண்டிருக்கிறார்கள்.,कुछ पुरुष खड़ी हुई कार के बगल में एक इमारत के सामने खड़े हैं।,True,True
1022975728,1022975728.jpg,The black dog runs through the water.,கருப்பு நாய் தண்ணீருக்குள் ஓடுகிறது.,काला कुत्ता पानी में दौड़ रहा है।,True,True
102351840,102351840.jpg,A man is drilling through the frozen ice of a pond.,ஒரு மனிதர் குளத்தின் உறைந்த பனியில் துளையிடுகிறார்.,एक आदमी तालाब की जमी हुई बर्फ में ड्रिल कर रहा है।,True,True
1024138940,1024138940.jpg,Two large tan dogs play along a sandy beach.,மணல் நிறைந்த கடற்கரையில் இரண்டு பெரிய பழுப்பு நிற நாய்கள் விளையாடுகின்றன.,रेतीले समुद्र तट पर दो बड़े भूरे रंग के कुत्ते खेल रहे हैं।,True,True
102455176,102455176.jpg,A person in blue and red ice climbing with two picks.,நீலம் மற்றும் சிவப்பு நிற உடை அணிந்த ஒருவர் இரண்டு பனியேறும் கருவிகளுடன் பனியில் ஏறுகிறார்.,नीले और लाल कपड़े पहना एक व्यक्ति दो आइस क्लाइम्बिंग पिक्स के साथ बर्फ पर चढ़ रहा है।,True,True
1024613706,1024613706.jpg,Three people walking on a path in a meadow.,புல்வெளியில் உள்ள ஒரு பாதையில் மூன்று பேர் நடந்து செல்கிறார்கள்.,घास के मैदान में एक रास्ते पर तीन लोग चल रहे हैं।,True,True
102520526,102520526.jpg,"A man in black attire shovels snow into the street, disregarding all public safety.",கருப்பு உடை அணிந்த ஒரு மனிதர் பொதுமக்களின் பாதுகாப்பைப் பொருட்படுத்தாமல் சாலையில் பனியைத் தள்ளுகிறார்.,काले कपड़े पहना एक आदमी सार्वजनिक सुरक्षा की परवाह किए बिना सड़क पर बर्फ हटा रहा है।,True,True
102575576,102575576.jpg,A couple stands behind their wedding cake.,ஒரு தம்பதியினர் தங்கள் திருமண கேக்கின் பின்னால் நிற்கிறார்கள்.,एक दंपति अपने शादी के केक के पीछे खड़ा है।,True,True
1026685415,1026685415.jpg,A wet black dog is carrying a green toy through the grass.,ஈரமான கருப்பு நாய் புல்வெளியின் வழியாக ஒரு பச்சை நிற பொம்மையை எடுத்துச் செல்கிறது.,एक गीला काला कुत्ता घास के बीच से हरे रंग का खिलौना ले जा रहा है।,True,True
1026792563,1026792563.jpg,Villagers selling their crops at the market.,கிராம மக்கள் சந்தையில் தங்கள் பயிர்களை விற்பனை செய்கிறார்கள்.,ग्रामीण बाजार में अपनी फसलें बेच रहे हैं।,True,True
1027149103,1027149103.jpg,In a crowded concert a man in white is approaching the main singer who is wearing a yellow shirt.,"கூட்டம் நிறைந்த இசை நிகழ்ச்சியில், வெள்ளை உடை அணிந்த ஒரு மனிதர் மஞ்சள் சட்டை அணிந்திருக்கும் முக்கிய பாடகரை நோக்கி நெருங்கிச் செல்கிறார்.",भीड़ भरे कॉन्सर्ट में सफेद कपड़े पहना एक आदमी पीली शर्ट पहने मुख्य गायक की ओर बढ़ रहा है।,True,True
1027211271,1027211271.jpg,A boy jumps on his skateboard while a crowd watches,ஒரு கூட்டம் பார்த்துக் கொண்டிருக்கும்போது ஒரு சிறுவன் தனது ஸ்கேட்போர்டின் மீது குதிக்கிறான்.,एक लड़का स्केटबोर्ड पर कूद रहा है जबकि भीड़ देख रही है।,True,True
1028205764,1028205764.jpg,A man and a baby are in a yellow kayak on water.,ஒரு மனிதரும் ஒரு குழந்தையும் தண்ணீரில் மஞ்சள் நிற கயாக்கில் இருக்கிறார்கள்.,एक आदमी और एक बच्चा पानी में पीले कयाक में हैं।,True,True
102851549,102851549.jpg,"Two people are sitting on a bench, and one women is standing by them.","இரண்டு பேர் ஒரு பெஞ்சில் அமர்ந்திருக்கிறார்கள், அவர்களருகில் ஒரு பெண் நிற்கிறார்.",दो लोग एक बेंच पर बैठे हैं और उनके पास एक महिला खड़ी है।,True,True
102860573,102860573.jpg,A construction site on a street with three men working.,ஒரு தெருவில் உள்ள கட்டுமானத் தளத்தில் மூன்று ஆண்கள் வேலை செய்கிறார்கள்.,एक सड़क पर स्थित निर्माण स्थल पर तीन पुरुष काम कर रहे हैं।,True,True
1028982826,1028982826.jpg,"Two men sitting on a bench talking, with a billboard advertisement for glasses in the background.","இரண்டு ஆண்கள் ஒரு பெஞ்சில் அமர்ந்து பேசிக்கொண்டிருக்கிறார்கள், பின்னணியில் கண்ணாடிகளுக்கான விளம்பரப் பலகை உள்ளது.","दो पुरुष एक बेंच पर बैठे बात कर रहे हैं, और पृष्ठभूमि में चश्मों का एक विज्ञापन बोर्ड है।",True,True
1029802110,1029802110.jpg,A group of youths march down the street waving flags showing the color spectrum.,ஒரு குழு இளைஞர்கள் வண்ண நிறச்சேர்க்கையைக் காட்டும் கொடிகளை அசைத்தபடி தெருவில் அணிவகுத்துச் செல்கிறார்கள்.,युवाओं का एक समूह रंग स्पेक्ट्रम दिखाने वाले झंडे लहराते हुए सड़क पर मार्च कर रहा है।,True,True
102998070,102998070.jpg,Three old men are watching another man prepare fish.,மூன்று முதியவர்கள் மற்றொரு மனிதர் மீன் தயாரிப்பதைப் பார்த்துக் கொண்டிருக்கிறார்கள்.,तीन बुजुर्ग एक अन्य आदमी को मछली तैयार करते हुए देख रहे हैं।,True,True
1030041880,1030041880.jpg,"A woman in a white tank top with a green flowing skirt, on stage singing a song.",வெள்ளை டேங்க் டாப் மற்றும் பச்சை நிறத்தில் அலைபாயும் பாவாடை அணிந்த ஒரு பெண் மேடையில் பாடல் பாடுகிறார்.,सफेद टैंक टॉप और हरे रंग की लहराती स्कर्ट पहनी एक महिला मंच पर गीत गा रही है।,True,True
103031977,103031977.jpg,Two men and two women sitting on steps outdoors.,இரண்டு ஆண்களும் இரண்டு பெண்களும் வெளிப்புறத்தில் உள்ள படிகளில் அமர்ந்திருக்கிறார்கள்.,दो पुरुष और दो महिलाएँ बाहर सीढ़ियों पर बैठी हैं।,True,True
1030985833,1030985833.jpg,A brown and black lab are outside and the black lab is catching a toy in its mouth.,ஒரு பழுப்பு நிற லாப்ரடார் மற்றும் ஒரு கருப்பு லாப்ரடார் வெளியில் உள்ளன; கருப்பு லாப்ரடார் தனது வாயில் ஒரு பொம்மையைப் பிடித்துக் கொண்டிருக்கிறது.,"एक भूरे रंग का लैब्राडोर और एक काला लैब्राडोर बाहर हैं, और काला लैब्राडोर अपने मुँह में एक खिलौना पकड़े हुए है।",True,True
103106960,103106960.jpg,"Hockey goalie boy in red jacket crouches by goal, with stick.",சிவப்பு ஜாக்கெட் அணிந்த ஒரு ஹாக்கி கோல்கீப்பர் சிறுவன் குச்சியுடன் கோலுக்கு அருகில் குனிந்து நிற்கிறான்.,लाल जैकेट पहना एक हॉकी गोलकीपर लड़का छड़ी के साथ गोल के पास झुका हुआ है।,True,True
103195344,103195344.jpg,The man with the backpack is sitting in a buildings courtyard in front of an art sculpture reading.,முதுகுப்பையை அணிந்த ஒரு மனிதர் ஒரு கட்டிடத்தின் முற்றத்தில் கலைச் சிற்பத்தின் முன் அமர்ந்து படித்துக் கொண்டிருக்கிறார்.,बैकपैक वाला आदमी एक इमारत के आंगन में कला की मूर्ति के सामने बैठकर पढ़ रहा है।,True,True
