image_id,filename,english_caption,image_present,tamil_caption,hindi_caption
1000092795,1000092795.jpg,"Two young, White males are outside near many bushes.",False,"இரண்டு இளம், வெள்ளை ஆடுகள் வெளிப்புறத்தில் பல புழுக்களுக்கு அருகில் உள்ளன.","दो युवा, सफेद पुरुष बाहर कई झाड़ियों के पास हैं।"
10002456,10002456.jpg,Several men in hard hats are operating a giant pulley system.,False,பல ஹார்ட் ஹாட்ஸ் அணிந்த ஆண்கள் ஒரு பெரிய பல்லி அமைப்பை இயக்குகிறார்கள்.,हार्ड टोपी वाले कई पुरुष एक विशाल पली प्रणाली संचालित कर रहे हैं।
1000268201,1000268201.jpg,A little girl climbing into a wooden playhouse.,False,ஒரு சிறுமி ஒரு மர விளையாட்டு அரண்மனையில் ஏறுகிறாள்.,एक छोटी सी लड़की एक लकड़ी के प्लेहाउस में चढ़ रही है।
1000344755,1000344755.jpg,A man in a blue shirt is standing on a ladder cleaning a window.,False,நீல நிற சட்டை அணிந்த ஒரு மனிதர் ஒரு ஜன்னலை சுத்தம் செய்யும் படிவத்தில் நிற்கிறார்.,नीली शर्ट में एक आदमी खिड़की की सफाई करने वाली सीढ़ी पर खड़ा है।
1000366164,1000366164.jpg,Two men are at the stove preparing food.,False,இரண்டு ஆண்கள் அடுப்பில் உணவு தயாரிக்கிறார்கள்.,स्टोव पर दो आदमी भोजन तैयार कर रहे हैं।
1000523639,1000523639.jpg,A man in green holds a guitar while the other man observes his shirt.,False,"பச்சை நிறத்தில் ஒரு மனிதன் ஒரு கிட்டார் வைத்திருக்கிறார், மற்றவர் அவரது சட்டைகளைப் பார்க்கிறார்.",हरे रंग में एक आदमी गिटार पकड़ता है जबकि दूसरा आदमी अपनी शर्ट पर नज़र रखता है।
1000919630,1000919630.jpg,A man is smiling at a stuffed lion,False,ஒரு மனிதன் ஒரு ஊடுருவிய சிங்கத்திற்கு சிரிக்கிறார்.,एक आदमी एक भरवां शेर पर मुस्कुरा रहा है
10010052,10010052.jpg,A trendy girl talking on her cellphone while gliding slowly down the street.,False,"ஒரு நவீன பெண் தனது செல்போனில் பேசுகிறார், தெருவில் மெதுவாக ஓடுகிறார்.",एक फैशनेबल लड़की अपने सेलफोन पर बात कर रही है जबकि सड़क पर धीरे-धीरे स्लाइड कर रही है।
1001465944,1001465944.jpg,A woman with a large purse is walking by a gate.,False,ஒரு பெரிய பை கொண்ட பெண் ஒரு வாயிலின் அருகில் நடந்து கொண்டிருக்கிறார்.,एक बड़ी पर्स वाली महिला एक गेट के पास चल रही है।
1001545525,1001545525.jpg,Boys dancing on poles in the middle of the night.,False,நள்ளிரவில் பாம்புகளில் நடனமாடும் சிறுவர்கள்.,लड़कों को रात के मध्य में पोल पर नृत्य करना।
1001573224,1001573224.jpg,A ballet class of five girls jumping in sequence.,False,ஐந்து சிறுமிகள் வரிசையாக குதித்துக்கொண்டிருக்கும் ஒரு பாலெட் வகுப்பு.,पांच लड़कियों की एक बैलेट क्लास जो क्रमशः कूदती है।
1001633352,1001633352.jpg,Four guys three wearing hats one not are jumping at the top of a staircase.,False,"நான்கு தோழர்கள், மூன்று பேரும் தொப்பி அணிந்திருந்தனர், ஒன்று இல்லை, அவர்கள் ஒரு படிக்கட்டு மேலே குதித்து வருகிறார்கள்.",चार लोग तीन टोपी पहने एक नहीं एक सीढ़ी के शीर्ष पर कूद रहे हैं।
1001773457,1001773457.jpg,A black dog and a spotted dog are fighting,False,ஒரு கருப்பு நாய் மற்றும் ஒரு புள்ளி நாய் சண்டையிடுகின்றன,एक काला कुत्ता और एक धब्बेदार कुत्ता लड़ रहे हैं
1001896054,1001896054.jpg,A man in a neon green and orange uniform is driving on a green tractor.,False,நியான் பச்சை மற்றும் ஆரஞ்சு ஆடை அணிந்த ஒரு மனிதர் பச்சை டிராக்டரில் ஓட்டுகிறார்.,नीयन हरे और नारंगी वर्दी में एक आदमी हरे रंग के ट्रैक्टर पर ड्राइव कर रहा है।
100197432,100197432.jpg,Several women wait outside in a city.,False,ஒரு நகரத்தில் பல பெண்கள் வெளியே காத்திருக்கிறார்கள்.,कई महिलाएं एक शहर में बाहर इंतजार कर रही हैं।
100207720,100207720.jpg,A lady in a black top with glasses is sprinkling powdered sugar on a bundt cake.,False,கண்ணாடிகளுடன் ஒரு கருப்பு டாப் அணிந்த பெண் ஒரு பண்ட்டு கேக்கில் பவுடர் சர்க்கரை ஊற்றி வருகிறார்.,चश्मे के साथ एक ब्लैक टॉप में एक महिला एक बंड केक पर पाउडर चीनी छिड़क रही है।
1002674143,1002674143.jpg,A little girl is sitting in front of a large painted rainbow.,False,ஒரு சிறுமி ஒரு பெரிய வண்ணமயமான வானவில் முன் உட்கார்ந்துள்ளார்.,एक छोटी सी लड़की एक बड़े पेंट किए गए इंद्रधनुष के सामने बैठी है।
1003163366,1003163366.jpg,A man lays on the bench to which a white dog is also tied.,False,ஒரு வெள்ளை நாய் கட்டப்பட்ட பெஞ்சில் ஒரு மனிதன் படுத்துக் கொண்டிருக்கிறான்.,एक आदमी बेंच पर पड़ा है जिस पर एक सफेद कुत्ता भी बांधा गया है।
1003420127,1003420127.jpg,Five people are sitting in a circle with instruments.,False,"ஒரு வட்டத்தில் ஐந்து பேர் உட்கார்ந்துள்ளனர், அவர்கள் கருவிகளைக் கொண்டுள்ளனர்.",पांच लोग वाद्ययंत्रों के साथ एक वृत्त में बैठे हैं।
1003428081,1003428081.jpg,A bunch of elderly women play their clarinets together as they read off sheet music.,False,"வயதான பெண்கள் ஒரு குழுவினர் தங்கள் கிளாரினெட்டுகளை ஒன்றாக விளையாடுகிறார்கள், அவர்கள் தாள்களை வாசிக்கிறார்கள்.",बुजुर्ग महिलाओं का एक समूह अपने क्लार्निनेट एक साथ बजाता है क्योंकि वे शॉट संगीत पढ़ते हैं।
100444898,100444898.jpg,A large structure has broken and is laying in a roadway.,False,ஒரு பெரிய கட்டமைப்பு உடைந்திருக்கிறது மற்றும் ஒரு சாலை வழியில் உள்ளது.,एक बड़ी संरचना टूट गई है और एक सड़क पर खड़ी है।
1005216151,1005216151.jpg,A large crowd of people stand outside in front of the entrance to a Metro station.,False,ஒரு மெட்ரோ நிலையத்தின் நுழைவாயிலுக்கு வெளியே ஒரு பெரிய கூட்டம் மக்கள் நிற்கின்றனர்.,मेट्रो स्टेशन के प्रवेश द्वार के सामने बाहर बड़ी भीड़ खड़ी है।
100577935,100577935.jpg,A man getting a tattoo on his back.,False,ஒரு மனிதன் தனது முதுகில் ஒரு பச்சை குத்திக் கொண்டிருக்கிறான்.,एक आदमी अपनी पीठ पर टैटू कर रहा है।
1006452823,1006452823.jpg,Two children sit on a small seesaw in the sand.,False,மணலில் உள்ள ஒரு சிறிய கடல் கரையில் இரண்டு குழந்தைகள் அமர்ந்திருக்கிறார்கள்.,रेत में एक छोटे से सीसा पर दो बच्चे बैठे हैं।
100652400,100652400.jpg,A man wearing a reflective vest and a hard hat holds a flag in the road,False,பிரதிபலிப்பு ஜாக்கெட் மற்றும் ஹார்ட் தொப்பி அணிந்த ஒரு மனிதன் சாலையில் ஒரு கொடியை வைத்திருக்கிறார்.,प्रतिबिंबित जैकेट और टोपी पहने एक आदमी सड़क पर एक झंडा रखता है
100716317,100716317.jpg,"A person dressed in a blue coat is standing in on a busy sidewalk, studying painting of a street scene.",False,"நீல நிற ஆடையை அணிந்த ஒருவர் ஒரு பரபரப்பான நடைபாதையில் நின்று, ஒரு தெரு காட்சியின் ஓவியத்தை படிக்கிறார்.","एक नीला कोट पहने व्यक्ति एक व्यस्त फुटपाथ पर खड़ा है, एक सड़क दृश्य की पेंटिंग का अध्ययन कर रहा है।"
1007205537,1007205537.jpg,A man in green pants walking down the road.,False,பச்சை உடையுள்ள ஒரு மனிதன் சாலையில் நடந்து கொண்டிருக்கிறான்.,एक आदमी हरे रंग की पैंट में सड़क पर चल रहा था।
1007320043,1007320043.jpg,The small child climbs on a red ropes on a playground.,False,சிறு குழந்தை ஒரு விளையாட்டு மைதானத்தில் ஒரு சிவப்பு கயிறு மீது ஏறுகிறது.,छोटा बच्चा खेल के मैदान पर एक लाल रस्सी पर चढ़ता है।
100759042,100759042.jpg,You know i am looking like Justin Bieber.,False,நான் ஜஸ்டின் பீபர் போல இருக்கிறேன் என்பது உங்களுக்குத் தெரியும்.,आप जानते हैं कि मैं जस्टिन बीबर जैसा दिखता हूं।
10082347,10082347.jpg,A young man in a black and yellow jacket is gazing at something and smiling.,False,கருப்பு மற்றும் மஞ்சள் ஜாக்கெட் அணிந்த ஒரு இளைஞன் எதையாவது பார்த்து சிரிக்கிறார்.,काले और पीले जैकेट में एक युवा व्यक्ति किसी चीज को देख रहा है और मुस्कुरा रहा है।
10082348,10082348.jpg,A man standing at a urinal with a coffee cup.,False,ஒரு காபிக் கிண்ணத்துடன் ஒரு சிறுநீர் கழிப்பறையில் நின்ற ஒரு மனிதர்.,एक आदमी एक कॉफी कप के साथ एक पेशाब के पास खड़ा है।
100845130,100845130.jpg,Five people walking with a multicolored sky in the background.,False,பின்னணியில் பல வண்ண வானத்துடன் ஐந்து பேர் நடந்து கொண்டிருக்கிறார்கள்.,पांच लोग पृष्ठभूमि में एक बहुरंगी आकाश के साथ चल रहे हैं।
10090841,10090841.jpg,A old man having a beer alone.,False,ஒரு முதியவர் தனியாக பீர் குடிக்கிறார்.,एक बूढ़ा आदमी अकेले बियर पी रहा था।
1009692167,1009692167.jpg,A trained police dog sits next to his handler in front of the police van.,False,ஒரு பயிற்சி பெற்ற காவல்துறை நாய் ஒரு காவல்துறை வேனுக்கு முன்னால் தனது இயக்குனருடன் அமர்ந்திருக்கிறது.,एक प्रशिक्षित पुलिस कुत्ता पुलिस वैन के सामने अपने संचालक के बगल में बैठता है।
101001624,101001624.jpg,A person riding a bike on a snowy road.,False,ஒரு பனிப்பாதை மீது சைக்கிளில் பயணிக்கும் ஒரு நபர்.,एक व्यक्ति जो बर्फ की सड़क पर साइकिल चला रहा है।
1010031975,1010031975.jpg,"Five men, uniformly dressed in white shirts, tie and black slacks converse at the back of an open van.",False,"வெள்ளை சட்டைகள், தையல் மற்றும் கருப்பு சட்டைகள் அணிந்த ஐந்து ஆண்கள் ஒரு திறந்த வேனின் பின்புறத்தில் உரையாடுகிறார்கள்.","सफेद शर्ट, टाई और ब्लैक पैंट पहने पांच पुरुष खुले वैन के पीछे बातचीत करते हैं।"
1010087179,1010087179.jpg,A man with a backwards hat works on machinery.,False,பின்புறமாக தொப்பி அணிந்த ஒரு மனிதன் இயந்திரங்களில் வேலை செய்கிறான்.,पीछे की टोपी वाला आदमी मशीनरी पर काम करता है।
1010087623,1010087623.jpg,A black woman and a white man working in a factory setting packing jars with candles into boxes.,False,"ஒரு கருப்பு பெண் மற்றும் ஒரு வெள்ளை மனிதர் தொழிற்சாலை அமைப்பில் பணிபுரிந்து, ஜாடிகளில் மெழுகுவர்த்திகளை பெட்டிகளில் அடைக்கிறார்கள்.",एक कारखाने में काम करने वाली एक अश्वेत महिला और एक श्वेत पुरुष ने बक्से में मोमबत्तियों के साथ जारों को पैक किया।
10101477,10101477.jpg,Asian man sweeping the walkway.,False,ஒரு ஆசிய மனிதன் நடைபாதை சுத்தம் செய்கிறான்.,एक एशियाई आदमी फुटपाथ पर जा रहा है।
1010470346,1010470346.jpg,"A man leans into a car to talk to the driver, as a man on a bicycle looks on.",False,சைக்கிள் ஓட்டுபவர் பார்த்துக் கொண்டிருக்கும்போது ஒரு மனிதன் ஒரு காரில் ஏறி சாரதிடம் பேசிக்கொள்கிறான்.,"एक आदमी ड्राइवर से बात करने के लिए एक कार में झुकता है, जैसा कि एक आदमी साइकिल पर देखता है।"
1010673430,1010673430.jpg,Two young toddlers outside on the grass.,False,வெளியில் உள்ள புல்வெளியில் இரண்டு இளம் குழந்தைகள்.,बाहर घास पर दो छोटे बच्चे थे।
101093029,101093029.jpg,People are watching a person in a weird vehicle in a plaza.,False,மக்கள் ஒரு சாலையில் ஒரு விசித்திரமான வாகனத்தில் ஒரு நபரைப் பார்க்கிறார்கள்.,लोग एक चौक में एक अजीब वाहन में एक व्यक्ति को देख रहे हैं।
101093045,101093045.jpg,A man walks by a silver vehicle.,False,ஒரு மனிதன் ஒரு வெள்ளி வாகனத்தின் அருகில் நடந்து செல்கிறான்.,एक आदमी चांदी के वाहन के पास चलता है।
1011572216,1011572216.jpg,A beautiful bride walking on a sidewalk with her new husband.,False,ஒரு அழகான மணமகள் தனது புதிய கணவருடன் நடைபாதையில் நடக்கிறாள்.,एक सुंदर दुल्हन अपने नए पति के साथ फुटपाथ पर चल रही है।
1012150929,1012150929.jpg,A little boy playing GameCube at a McDonald's.,False,ஒரு மக் டொனால்ட் உணவகத்தில் கேம் கியூப் விளையாடும் ஒரு சிறுவன்.,मैकडॉनल्ड्स में गेमक्यूब खेलते हुए एक छोटा लड़का।
1012212859,1012212859.jpg,A white dog shakes on the edge of a beach with an orange ball.,False,ஒரு வெள்ளை நாய் ஒரு ஆரஞ்சு பந்துடன் கடற்கரையின் விளிம்பில் நடுங்குகிறது.,एक सफेद कुत्ता एक नारंगी गेंद से समुद्र तट के किनारे हिलाता है।
1012328893,1012328893.jpg,A group of people having a barbecue at a park.,False,ஒரு பூங்காவில் ஒரு பார்ப்கியூவைக் கொண்டிருக்கும் ஒரு குழு.,एक पार्क में बारबेक्यू करने वाले लोगों का एक समूह।
101262930,101262930.jpg,A man in sunglasses puts his arm around a woman in a black and white blouse.,False,சூரிய கண்ணாடி அணிந்த ஒரு மனிதன் கருப்பு வெள்ளை புளூஸ் அணிந்த ஒரு பெண்ணைச் சுற்றி தனது கையை வைக்கிறார்.,धूप का चश्मा पहने एक आदमी काले और सफेद ब्लाउज में एक महिला के चारों ओर अपना हाथ रखता है।
1013536888,1013536888.jpg,A man with a balloon hat and people eating outdoors at picnic tables.,False,பல்லூன் தொப்பி அணிந்த ஒரு மனிதர் மற்றும் மக்கள் வெளிப்புறத்தில் பிக்னிக் மேசைகளில் சாப்பிடுகிறார்கள்.,एक बैलून टोपी वाला आदमी और लोग पिकनिक टेबल पर बाहर भोजन कर रहे हैं।
101362650,101362650.jpg,A boy jump kicking over three kids kicking wood during a tae kwon do competition.,False,ஒரு சிறுவன் ஒரு தைவான் போட்டியின் போது மரத்தை அடிக்கும் மூன்று குழந்தைகளின் மீது குதித்து விழுந்தான்.,एक लड़का एक ताई-क्वोंडो प्रतियोगिता के दौरान लकड़ी की चक्की मारते हुए तीन बच्चों पर कूद रहा है।
1014609273,1014609273.jpg,A boy in a red jacket pouring water on a man in a white shirt,False,சிவப்பு ஜாக்கெட் அணிந்த சிறுவன் வெள்ளை சட்டை அணிந்த மனிதர் மீது தண்ணீரை ஊற்றிக் கொண்டிருந்தான்.,लाल जैकेट में एक लड़का सफेद शर्ट में एक आदमी पर पानी डालना
101471792,101471792.jpg,A man with a red jacket is shielding himself from the sun trying to read a piece of paper.,False,சிவப்பு ஜாக்கெட்டை அணிந்த ஒரு மனிதன் ஒரு காகிதத்தை படிக்க முயற்சிக்கும் சூரியனில் இருந்து தன்னைப் பாதுகாத்துக் கொள்கிறான்.,एक लाल जैकेट वाला आदमी कागज का एक टुकड़ा पढ़ने की कोशिश कर सूरज से अपना बचाव कर रहा है।
1014785440,1014785440.jpg,Men walking down a street with children.,False,குழந்தைகளுடன் ஒரு தெருவில் நடந்து செல்லும் ஆண்கள்.,बच्चों के साथ सड़क पर चलने वाले पुरुष।
1015118661,1015118661.jpg,A little boy is standing on the street while a man in overalls is working on a stone wall.,False,"ஒரு சிறுவன் தெருவில் நிற்கிறான், ஒரு ஆடை அணிந்த மனிதன் ஒரு கல் சுவரில் வேலை செய்கிறான்.","एक छोटा लड़का सड़क पर खड़ा है, जबकि ओवरऑल में एक आदमी पत्थर की दीवार पर काम कर रहा है।"
1015584366,1015584366.jpg,A black dog leaps over a log.,False,ஒரு கருப்பு நாய் ஒரு மரத்தின் மீது குதிக்கிறது.,एक काला कुत्ता एक लकड़ी पर कूदता है।
101559400,101559400.jpg,"A man in a suit is running past two other gentleman, also dressed in a suit.",False,ஒரு ஆடை அணிந்த மனிதர் ஒரு ஆடையை அணிந்திருந்த மற்ற இரண்டு மனிதர்களைக் கடந்து ஓடுகிறார்.,"सूट में एक आदमी दो अन्य सज्जनों के पास दौड़ रहा है, जो भी सूट में हैं।"
1015712668,1015712668.jpg,Man in a red shirt riding his bicycle around water.,False,ஒரு சிவப்பு சட்டை அணிந்த மனிதர் தனது சைக்கிளில் தண்ணீரைச் சுற்றி வருகிறார்.,लाल शर्ट में एक आदमी पानी के चारों ओर साइकिल चला रहा था।
10160966,10160966.jpg,A barefooted man wearing olive green shorts grilling hotdogs on a small propane grill while holding a blue plastic cup.,False,"ஆலிவ் கிரீன் ஷார்ட்ஸ் அணிந்த நிர்வாண கால்கள் கொண்ட ஒரு மனிதர், ஒரு சிறிய ப்ரோபேன் கிரில் மீது ஹாட் டாக் க்ரிலிங் செய்து, நீல பிளாஸ்டிக் கோப்பை வைத்திருந்தார்.",जैतून की हरी शॉर्ट्स पहने हुए एक नग्न पैर वाला आदमी एक छोटे से प्रोपेन ग्रिल पर हॉटडॉग को ग्रिल कर रहा है जबकि एक नीला प्लास्टिक का कप पकड़ रहा है।
101654506,101654506.jpg,A dog is running in the snow,False,பனியில் ஒரு நாய் ஓடுகிறது.,बर्फ में एक कुत्ता दौड़ रहा है
1016626169,1016626169.jpg,A crowd is standing and waiting for the green light.,False,பச்சை விளக்குக்காக காத்திருக்கும் கூட்டம்.,भीड़ खड़ी है और हरी रोशनी का इंतजार कर रही है।
101669240,101669240.jpg,Man on skis looking at artwork for sale in the snow,False,பனிப்பொழிவில் விற்பனைக்கு வரும் கலைப்படைப்புகளை பார்க்கும் பனிப்பொழிவு வீரர்,स्की पर आदमी बर्फ में बिक्री के लिए कलाकृति देख रहा है
1016887272,1016887272.jpg,Seven climbers are ascending a rock face whilst another man stands holding the rope.,False,"ஏழு ஏறுபவர்கள் ஒரு பாறை முகத்தை ஏறுகிறார்கள், மற்றொரு மனிதர் கயிறு பிடித்து நிற்கிறார்.","सात पर्वतारोही एक चट्टान पर चढ़ रहे हैं, जबकि एक अन्य व्यक्ति रस्सी को पकड़कर खड़ा है।"
1017675163,1017675163.jpg,The young gymnast's supple body soars above the balance beam.,False,இளம் உடற்பயிற்சியாளரின் நெகிழ்வான உடல் சமநிலை பீமின் மேலே உயர்கிறது.,युवा जिम्नास्ट का लचीला शरीर संतुलन बीम से ऊपर उठता है।
1018057225,1018057225.jpg,A young boy is pushing a toy ATV around a rubber pool,False,ஒரு சிறுவன் ஒரு பொம்மை ஏடிவியை ஒரு ரப்பர் குளத்தை சுற்றி தள்ளுகிறான்.,एक छोटा लड़का एक रबर पूल के चारों ओर एक खिलौना एटीवी धक्का दे रहा है
101859883,101859883.jpg,Woman in red windbreaker looking though a rooftop binoculars at the city below.,False,சிவப்பு காற்று உடை அணிந்த பெண் ஒரு கூரை கண்ணாடி மூலம் கீழே உள்ள நகரத்தைப் பார்க்கிறார்.,लाल विंडब्रेकर में महिला छत पर बिनोक्लर्स के माध्यम से नीचे शहर की ओर देख रही है।
10188041,10188041.jpg,A man is standing in front of a small red object that looks like a plane.,False,"ஒரு மனிதன் ஒரு சிறிய சிவப்பு பொருளின் முன் நிற்கிறான், அது ஒரு விமானம் போல தோற்றமளிக்கிறது.",एक आदमी एक छोटे से लाल वस्तु के सामने खड़ा है जो एक विमान की तरह दिखता है।
1019077836,1019077836.jpg,A dog is playing with a hose.,False,ஒரு நாய் ஒரு குழாயுடன் விளையாடுகிறது.,एक कुत्ता एक नल के साथ खेल रहा है।
101958970,101958970.jpg,A man and a little girl happily posing in front of their cart in a supermarket.,False,ஒரு சூப்பர் மார்க்கெட்டில் ஒரு ஆணும் ஒரு சிறுமியும் மகிழ்ச்சியுடன் தங்கள் வண்டியின் முன் போஸ் கொடுக்கிறார்கள்.,एक आदमी और एक छोटी लड़की एक सुपरमार्केट में अपनी गाड़ी के सामने खुशी से पोज कर रहे हैं।
1019604187,1019604187.jpg,A white dog is about to catch a yellow dog toy.,False,ஒரு வெள்ளை நாய் ஒரு மஞ்சள் நாய் பொம்மையைப் பிடிக்கப் போகிறது.,एक सफेद कुत्ता एक पीले कुत्ते के खिलौने को पकड़ने जा रहा है।
102030371,102030371.jpg,Guy in green shirt with hand covering part of his face in restaurant booth.,False,பச்சை சட்டை அணிந்த பையன் ஒரு உணவக பெட்டியில் தன் முகத்தின் ஒரு பகுதியை கையில் மூடிக் கொண்டிருக்கிறான்.,रेस्तरां के बूथ में हरे रंग की शर्ट में एक आदमी है जिसका हाथ चेहरे के एक हिस्से को कवर करता है।
1020651753,1020651753.jpg,A black and white dog jumps up towards a yellow toy.,False,ஒரு கருப்பு வெள்ளை நாய் மஞ்சள் பொம்மை நோக்கி குதிக்கிறது.,एक काला-सफेद कुत्ता एक पीले खिलौने की ओर कूदता है।
1021293940,1021293940.jpg,Two hikers resting by a patch of snow.,False,ஒரு பனிப்பொழிவு அருகே ஓய்வெடுக்கும் இரண்டு நடைபயிற்சியாளர்கள்.,बर्फ के एक टुकड़े के पास दो पैदल यात्री आराम कर रहे हैं।
1021332107,1021332107.jpg,A man showing off his new wooden creation.,False,ஒரு மனிதன் தனது புதிய மர படைப்பைக் காண்பிக்கிறார்.,एक आदमी अपनी नई लकड़ी की रचना को दिखा रहा है।
1021439420,1021439420.jpg,A elderly father and his grown son are preparing for a camping trip in the wild.,False,ஒரு வயதான தந்தை மற்றும் அவரது வளர்ந்த மகன் வனப்பகுதியில் ஒரு முகாம் பயணத்திற்கு தயாராகி வருகின்றனர்.,एक बुजुर्ग पिता और उसका बड़ा बेटा जंगल में एक कैंपिंग यात्रा के लिए तैयारी कर रहे हैं।
1021442086,1021442086.jpg,A bearded traveler in a red shirt sitting in a car and reading a map.,False,காரில் உட்கார்ந்து ஒரு வரைபடத்தைப் படிக்கும் சிவப்பு சட்டை அணிந்த ஒரு தாடி பயணி.,एक लाल शर्ट में दाढ़ी वाला यात्री कार में बैठकर एक नक्शा पढ़ रहा है।
1022454332,1022454332.jpg,A young boy waves his hand at the duck in the water surrounded by a green park.,False,ஒரு சிறுவன் ஒரு பசுமை பூங்காவைச் சுற்றியுள்ள நீரில் உள்ள பட்டைக்கு கையை அசைக்கிறார்.,एक युवा लड़का एक हरे रंग के पार्क से घिरे पानी में बत्तख पर अपना हाथ हिलाता है।
1022454428,1022454428.jpg,A couple sit on the grass with a baby and stroller.,False,ஒரு ஜோடி ஒரு குழந்தை மற்றும் ஒரு குழந்தை நாற்காலியில் உட்கார்ந்து.,एक युगल एक बच्चे और एक बच्चे के साथ घास पर बैठा है।
102268204,102268204.jpg,Some men standing in front of a building next to a parked car.,False,சில ஆண்கள் ஒரு நிறுத்தப்பட்ட காரின் அருகில் ஒரு கட்டிடத்தின் முன் நின்று கொண்டிருந்தனர்.,कुछ पुरुष एक पार्क की गई कार के बगल में एक इमारत के सामने खड़े थे।
1022975728,1022975728.jpg,The black dog runs through the water.,False,கருப்பு நாய் தண்ணீரில் ஓடுகிறது.,काला कुत्ता पानी में दौड़ता है।
102351840,102351840.jpg,A man is drilling through the frozen ice of a pond.,False,ஒரு மனிதன் ஒரு குளத்தின் உறைந்த பனியில் துளைத்து வருகிறான்.,एक आदमी एक तालाब के जमे हुए बर्फ के माध्यम से ड्रिल कर रहा है।
1024138940,1024138940.jpg,Two large tan dogs play along a sandy beach.,False,ஒரு மணல் கடற்கரையில் இரண்டு பெரிய டான் நாய்கள் விளையாடுகின்றன.,एक रेत समुद्र तट के साथ दो बड़े टैन कुत्ते खेलते हैं।
102455176,102455176.jpg,A person in blue and red ice climbing with two picks.,False,ஒரு நபர் நீல மற்றும் சிவப்பு பனி அணிந்து இரண்டு தேர்வுகளுடன் ஏறுகிறார்.,नीले और लाल बर्फ में चढ़ने वाला व्यक्ति दो पिक के साथ चढ़ रहा है।
1024613706,1024613706.jpg,Three people walking on a path in a meadow.,False,ஒரு புல்வெளியில் ஒரு பாதையில் மூன்று பேர் நடைபயிற்சி செய்கிறார்கள்.,एक घास में एक पथ पर तीन लोग चल रहे हैं।
102520526,102520526.jpg,"A man in black attire shovels snow into the street, disregarding all public safety.",False,"கருப்பு ஆடை அணிந்த ஒரு மனிதன், பொதுமக்களின் பாதுகாப்பை புறக்கணித்து, வீதிகளில் பனியைத் தூக்கிச் செல்கிறார்.",काले कपड़े पहने एक आदमी ने सभी सार्वजनिक सुरक्षा को नजरअंदाज करते हुए सड़क पर बर्फ फेंक दी।
102575576,102575576.jpg,A couple stands behind their wedding cake.,False,ஒரு ஜோடி தங்கள் திருமண கேக்கின் பின்னால் நிற்கிறது.,एक युगल अपनी शादी की केक के पीछे खड़ा है।
1026685415,1026685415.jpg,A wet black dog is carrying a green toy through the grass.,False,ஒரு ஈரமான கருப்பு நாய் ஒரு பச்சை பொம்மையை புல்வெளியில் கொண்டு செல்கிறது.,एक गीला काला कुत्ता घास के माध्यम से एक हरे रंग का खिलौना ले जा रहा है।
1026792563,1026792563.jpg,Villagers selling their crops at the market.,False,கிராம மக்கள் தங்கள் பயிர்களை சந்தையில் விற்பனை செய்கிறார்கள்.,ग्रामीण बाजार में अपनी फसलों को बेचते हैं।
1027149103,1027149103.jpg,In a crowded concert a man in white is approaching the main singer who is wearing a yellow shirt.,False,"ஒரு கூட்டம் நிறைந்த நிகழ்ச்சியில், வெள்ளை நிறத்தில் ஒரு மனிதன் மஞ்சள் நிற சட்டை அணிந்திருக்கும் தலைமை பாடகரிடம் நெருங்கி வருகிறார்.",भीड़ वाले एक कॉन्सर्ट में सफेद कपड़े पहने एक आदमी मुख्य गायक के पास जा रहा है जो पीली शर्ट पहन रहा है।
1027211271,1027211271.jpg,A boy jumps on his skateboard while a crowd watches,False,"ஒரு பையன் தனது ஸ்கேட்போர்ட்டில் குதித்து, கூட்டம் பார்த்துக் கொண்டிருக்கும்போது ",एक लड़का अपने स्केटबोर्ड पर कूदता है जबकि भीड़ देख रही है।
1028205764,1028205764.jpg,A man and a baby are in a yellow kayak on water.,False,ஒரு ஆணும் குழந்தையும் தண்ணீரில் ஒரு மஞ்சள் கயாக் மீது அமர்ந்திருக்கிறார்கள்.,एक आदमी और एक बच्चा पानी पर पीले कायाक में हैं।
102851549,102851549.jpg,"Two people are sitting on a bench, and one women is standing by them.",False,"இரண்டு பேர் ஒரு பெஞ்சில் அமர்ந்திருக்கிறார்கள், ஒரு பெண் அவர்கள் அருகில் நிற்கிறார்.","दो लोग एक बेंच पर बैठे हैं, और एक महिला उनके पास खड़ी है।"
102860573,102860573.jpg,A construction site on a street with three men working.,False,ஒரு தெருவில் உள்ள ஒரு கட்டுமானத் தளம் மூன்று ஆண்களுடன் வேலை செய்கிறது.,एक सड़क पर एक निर्माण स्थल जिसमें तीन पुरुष काम कर रहे थे।
1028982826,1028982826.jpg,"Two men sitting on a bench talking, with a billboard advertisement for glasses in the background.",False,"இரண்டு ஆண்கள் ஒரு பெஞ்சில் உட்கார்ந்து பேசுகிறார்கள், பின்னணியில் கண்ணாடிகளுக்கான விளம்பர விளம்பரம் உள்ளது.","दो पुरुष एक बेंच पर बैठे बात कर रहे हैं, पृष्ठभूमि में चश्मे के लिए एक बिलबोर्ड विज्ञापन के साथ।"
1029802110,1029802110.jpg,A group of youths march down the street waving flags showing the color spectrum.,False,"ஒரு குழு இளைஞர்கள் தெருவில் அணிவகுத்துள்ளனர், நிறங்களின் நிறச்சேர்க்கையைக் காட்டும் கொடிகளை அசைக்கிறார்கள்.",युवाओं के एक समूह ने रंग स्पेक्ट्रम दिखाने वाले झंडे फहराते हुए सड़क पर मार्च किया।
102998070,102998070.jpg,Three old men are watching another man prepare fish.,False,மூன்று முதியவர்கள் மற்றொரு மனிதன் மீன் தயாரிப்பதைப் பார்த்துக் கொண்டிருக்கிறார்கள்.,तीन बुजुर्ग एक और आदमी को मछली तैयार करते हुए देख रहे हैं।
1030041880,1030041880.jpg,"A woman in a white tank top with a green flowing skirt, on stage singing a song.",False,"ஒரு பெண் வெள்ளை டேங்க் டாப் அணிந்து, பச்சை பாய்ச்சும் உடை அணிந்து, மேடையில் ஒரு பாடலைப் பாடினார்.","एक सफेद टैंक टॉप में एक महिला हरे रंग की फ्लोटिंग स्कर्ट के साथ, मंच पर एक गीत गा रही है।"
103031977,103031977.jpg,Two men and two women sitting on steps outdoors.,False,இரண்டு ஆண்களும் இரண்டு பெண்களும் வெளிப்புறத்தில் படிகளில் உட்கார்ந்துள்ளனர்.,बाहर की सीढ़ियों पर बैठे दो पुरुष और दो महिलाएं।
1030985833,1030985833.jpg,A brown and black lab are outside and the black lab is catching a toy in its mouth.,False,ஒரு பழுப்பு மற்றும் கருப்பு ஆய்வகம் வெளியே உள்ளது மற்றும் கருப்பு ஆய்வகம் அதன் வாயில் ஒரு பொம்மையைப் பிடிக்கிறது.,एक ब्राउन और ब्लैक लैब बाहर है और ब्लैक लैब अपने मुंह में एक खिलौना पकड़ रहा है।
103106960,103106960.jpg,"Hockey goalie boy in red jacket crouches by goal, with stick.",False,"ஹாக்கி கோலி பையன் சிவப்பு ஜாக்கெட்டில் கோல் மூலம் குத்துகிறார், குச்சிடன்.","लाल जैकेट में हॉकी गोलकीपर लड़का गोल के आधार पर, छड़ी के साथ क्रूच करता है।"
103195344,103195344.jpg,The man with the backpack is sitting in a buildings courtyard in front of an art sculpture reading.,False,முதுகெட்டியை அணிந்தவர் ஒரு கட்டிடத்தின் அரண்மனையில் ஒரு கலை சிற்பம் வாசிப்பின் முன் அமர்ந்திருக்கிறார்.,बैकपैक वाला आदमी एक कला मूर्तिकला पढ़ने के सामने इमारतों के आंगन में बैठा है।
